"","Competition_Name","Gender","Country","Season_End_Year","Round","Wk","Day","Date","Time","Home","HomeGoals","Home_xG","Away","AwayGoals","Away_xG","Attendance","Venue","Referee","Notes","MatchURL"
"1","Premier League","M","ENG",2024,NA,"1","Fri",2023-08-11,"20:00","Burnley",0,0.3,"Manchester City",3,1.9,21572,"Turf Moor","Craig Pawson",NA,"https://fbref.com/en/matches/3a6836b4/Burnley-Manchester-City-August-11-2023-Premier-League"
"2","Premier League","M","ENG",2024,NA,"1","Sat",2023-08-12,"12:30","Arsenal",2,0.8,"Nott'ham Forest",1,1.2,59984,"Emirates Stadium","Michael Oliver",NA,"https://fbref.com/en/matches/26a7f90c/Arsenal-Nottingham-Forest-August-12-2023-Premier-League"
"3","Premier League","M","ENG",2024,NA,"1","Sat",2023-08-12,"15:00","Everton",0,2.7,"Fulham",1,1.5,39940,"Goodison Park","Stuart Attwell",NA,"https://fbref.com/en/matches/15addfc7/Everton-Fulham-August-12-2023-Premier-League"
"4","Premier League","M","ENG",2024,NA,"1","Sat",2023-08-12,"15:00","Sheffield Utd",0,0.5,"Crystal Palace",1,1.9,31194,"Bramall Lane","John Brooks",NA,"https://fbref.com/en/matches/55fd92c7/Sheffield-United-Crystal-Palace-August-12-2023-Premier-League"
"5","Premier League","M","ENG",2024,NA,"1","Sat",2023-08-12,"15:00","Brighton",4,4,"Luton Town",1,1.5,31872,"The American Express Community Stadium","David Coote",NA,"https://fbref.com/en/matches/56a137f7/Brighton-and-Hove-Albion-Luton-Town-August-12-2023-Premier-League"
"6","Premier League","M","ENG",2024,NA,"1","Sat",2023-08-12,"15:00","Bournemouth",1,1.3,"West Ham",1,1.1,11245,"Vitality Stadium","Peter Bankes",NA,"https://fbref.com/en/matches/d6bbf293/Bournemouth-West-Ham-United-August-12-2023-Premier-League"
"7","Premier League","M","ENG",2024,NA,"1","Sat",2023-08-12,"17:30","Newcastle Utd",5,3.3,"Aston Villa",1,1.8,52207,"St James' Park","Andy Madley",NA,"https://fbref.com/en/matches/8ff2f8fe/Newcastle-United-Aston-Villa-August-12-2023-Premier-League"
"8","Premier League","M","ENG",2024,NA,"1","Sun",2023-08-13,"14:00","Brentford",2,2.2,"Tottenham",2,1.3,17066,"Gtech Community Stadium","Robert Jones",NA,"https://fbref.com/en/matches/67ed3ba2/Brentford-Tottenham-Hotspur-August-13-2023-Premier-League"
"9","Premier League","M","ENG",2024,NA,"1","Sun",2023-08-13,"16:30","Chelsea",1,1.4,"Liverpool",1,1.3,40096,"Stamford Bridge","Anthony Taylor",NA,"https://fbref.com/en/matches/c18d3207/Chelsea-Liverpool-August-13-2023-Premier-League"
"10","Premier League","M","ENG",2024,NA,"1","Mon",2023-08-14,"20:00","Manchester Utd",1,2.2,"Wolves",0,2.2,73358,"Old Trafford","Simon Hooper",NA,"https://fbref.com/en/matches/f1ecda2c/Manchester-United-Wolverhampton-Wanderers-August-14-2023-Premier-League"
"11","Premier League","M","ENG",2024,NA,"10","Fri",2023-10-27,"20:00","Crystal Palace",1,0.6,"Tottenham",2,1.1,25074,"Selhurst Park","Andy Madley",NA,"https://fbref.com/en/matches/6b0aa474/Crystal-Palace-Tottenham-Hotspur-October-27-2023-Premier-League"
"12","Premier League","M","ENG",2024,NA,"10","Sat",2023-10-28,"12:30","Chelsea",0,1.9,"Brentford",2,2.2,39575,"Stamford Bridge","Simon Hooper",NA,"https://fbref.com/en/matches/91e3b922/Chelsea-Brentford-October-28-2023-Premier-League"
"13","Premier League","M","ENG",2024,NA,"10","Sat",2023-10-28,"15:00","Bournemouth",2,1.1,"Burnley",1,0.8,11152,"Vitality Stadium","Samuel Barrott",NA,"https://fbref.com/en/matches/c4c42d3e/Bournemouth-Burnley-October-28-2023-Premier-League"
"14","Premier League","M","ENG",2024,NA,"10","Sat",2023-10-28,"15:00","Arsenal",5,2.8,"Sheffield Utd",0,0,60153,"Emirates Stadium","Tim Robinson",NA,"https://fbref.com/en/matches/d498f918/Arsenal-Sheffield-United-October-28-2023-Premier-League"
"15","Premier League","M","ENG",2024,NA,"10","Sat",2023-10-28,"17:30","Wolves",2,0.9,"Newcastle Utd",2,2.2,31584,"Molineux Stadium","Anthony Taylor",NA,"https://fbref.com/en/matches/b84d060a/Wolverhampton-Wanderers-Newcastle-United-October-28-2023-Premier-League"
"16","Premier League","M","ENG",2024,NA,"10","Sun",2023-10-29,"13:00","West Ham",0,0.7,"Everton",1,0.8,62469,"London Stadium","Stuart Attwell",NA,"https://fbref.com/en/matches/868a89be/West-Ham-United-Everton-October-29-2023-Premier-League"
"17","Premier League","M","ENG",2024,NA,"10","Sun",2023-10-29,"14:00","Liverpool",3,3.2,"Nott'ham Forest",0,0.4,50143,"Anfield","Chris Kavanagh",NA,"https://fbref.com/en/matches/79bf0c7f/Liverpool-Nottingham-Forest-October-29-2023-Premier-League"
"18","Premier League","M","ENG",2024,NA,"10","Sun",2023-10-29,"14:00","Brighton",1,1.4,"Fulham",1,0.7,31550,"The American Express Community Stadium","Michael Salisbury",NA,"https://fbref.com/en/matches/a0c422e9/Brighton-and-Hove-Albion-Fulham-October-29-2023-Premier-League"
"19","Premier League","M","ENG",2024,NA,"10","Sun",2023-10-29,"14:00","Aston Villa",3,2.3,"Luton Town",1,0.5,41785,"Villa Park","John Brooks",NA,"https://fbref.com/en/matches/ee677172/Aston-Villa-Luton-Town-October-29-2023-Premier-League"
"20","Premier League","M","ENG",2024,NA,"10","Sun",2023-10-29,"15:30","Manchester Utd",0,0.9,"Manchester City",3,4,73502,"Old Trafford","Paul Tierney",NA,"https://fbref.com/en/matches/f6bfec82/Manchester-Derby-Manchester-United-Manchester-City-October-29-2023-Premier-League"
"21","Premier League","M","ENG",2024,NA,"11","Sat",2023-11-04,"12:30","Fulham",0,1,"Manchester Utd",1,0.7,24415,"Craven Cottage","John Brooks",NA,"https://fbref.com/en/matches/31273be0/Fulham-Manchester-United-November-4-2023-Premier-League"
"22","Premier League","M","ENG",2024,NA,"11","Sat",2023-11-04,"15:00","Brentford",3,1.5,"West Ham",2,1.8,17103,"Gtech Community Stadium","Thomas Bramall",NA,"https://fbref.com/en/matches/3235dd6e/Brentford-West-Ham-United-November-4-2023-Premier-League"
"23","Premier League","M","ENG",2024,NA,"11","Sat",2023-11-04,"15:00","Everton",1,0.7,"Brighton",1,0.5,38683,"Goodison Park","Tim Robinson",NA,"https://fbref.com/en/matches/6ecb53ac/Everton-Brighton-and-Hove-Albion-November-4-2023-Premier-League"
"24","Premier League","M","ENG",2024,NA,"11","Sat",2023-11-04,"15:00","Burnley",0,1.1,"Crystal Palace",2,1.3,21578,"Turf Moor","Peter Bankes",NA,"https://fbref.com/en/matches/8797f9a9/Burnley-Crystal-Palace-November-4-2023-Premier-League"
"25","Premier League","M","ENG",2024,NA,"11","Sat",2023-11-04,"15:00","Manchester City",6,1.9,"Bournemouth",1,0.9,53358,"Etihad Stadium","Craig Pawson",NA,"https://fbref.com/en/matches/e75a870b/Manchester-City-Bournemouth-November-4-2023-Premier-League"
"26","Premier League","M","ENG",2024,NA,"11","Sat",2023-11-04,"15:00","Sheffield Utd",2,1,"Wolves",1,1.2,29454,"Bramall Lane","Robert Jones",NA,"https://fbref.com/en/matches/e841bbac/Sheffield-United-Wolverhampton-Wanderers-November-4-2023-Premier-League"
"27","Premier League","M","ENG",2024,NA,"11","Sat",2023-11-04,"17:30","Newcastle Utd",1,1,"Arsenal",0,0.6,52194,"St James' Park","Stuart Attwell",NA,"https://fbref.com/en/matches/6096abaa/Newcastle-United-Arsenal-November-4-2023-Premier-League"
"28","Premier League","M","ENG",2024,NA,"11","Sun",2023-11-05,"14:00","Nott'ham Forest",2,0.4,"Aston Villa",0,1.2,29313,"The City Ground","Jarred Gillett",NA,"https://fbref.com/en/matches/ac18f108/Nottingham-Forest-Aston-Villa-November-5-2023-Premier-League"
"29","Premier League","M","ENG",2024,NA,"11","Sun",2023-11-05,"16:30","Luton Town",1,0.8,"Liverpool",1,2.6,11049,"Kenilworth Road Stadium","Andy Madley",NA,"https://fbref.com/en/matches/a62b97ba/Luton-Town-Liverpool-November-5-2023-Premier-League"
"30","Premier League","M","ENG",2024,NA,"11","Mon",2023-11-06,"20:00","Tottenham",1,0.9,"Chelsea",4,4.1,61726,"Tottenham Hotspur Stadium","Michael Oliver",NA,"https://fbref.com/en/matches/478e4eb3/Tottenham-Hotspur-Chelsea-November-6-2023-Premier-League"
"31","Premier League","M","ENG",2024,NA,"12","Sat",2023-11-11,"12:30","Wolves",2,2.1,"Tottenham",1,0.7,31642,"Molineux Stadium","Tim Robinson",NA,"https://fbref.com/en/matches/1634f066/Wolverhampton-Wanderers-Tottenham-Hotspur-November-11-2023-Premier-League"
"32","Premier League","M","ENG",2024,NA,"12","Sat",2023-11-11,"15:00","Arsenal",3,1.8,"Burnley",1,0.3,60232,"Emirates Stadium","Michael Oliver",NA,"https://fbref.com/en/matches/2cb4e4dc/Arsenal-Burnley-November-11-2023-Premier-League"
"33","Premier League","M","ENG",2024,NA,"12","Sat",2023-11-11,"15:00","Manchester Utd",1,2.2,"Luton Town",0,0.4,73599,"Old Trafford","Graham Scott",NA,"https://fbref.com/en/matches/4b9f3f25/Manchester-United-Luton-Town-November-11-2023-Premier-League"
"34","Premier League","M","ENG",2024,NA,"12","Sat",2023-11-11,"15:00","Crystal Palace",2,2.2,"Everton",3,1.5,25103,"Selhurst Park","Samuel Barrott",NA,"https://fbref.com/en/matches/a4795b68/Crystal-Palace-Everton-November-11-2023-Premier-League"
"35","Premier League","M","ENG",2024,NA,"12","Sat",2023-11-11,"17:30","Bournemouth",2,2.4,"Newcastle Utd",0,0.5,11201,"Vitality Stadium","Chris Kavanagh",NA,"https://fbref.com/en/matches/641024cf/Bournemouth-Newcastle-United-November-11-2023-Premier-League"
"36","Premier League","M","ENG",2024,NA,"12","Sun",2023-11-12,"14:00","West Ham",3,1.8,"Nott'ham Forest",2,1.7,62470,"London Stadium","Michael Salisbury",NA,"https://fbref.com/en/matches/76b8e568/West-Ham-United-Nottingham-Forest-November-12-2023-Premier-League"
"37","Premier League","M","ENG",2024,NA,"12","Sun",2023-11-12,"14:00","Liverpool",3,1.7,"Brentford",0,1.6,50151,"Anfield","Paul Tierney",NA,"https://fbref.com/en/matches/996ee990/Liverpool-Brentford-November-12-2023-Premier-League"
"38","Premier League","M","ENG",2024,NA,"12","Sun",2023-11-12,"14:00","Aston Villa",3,3,"Fulham",1,0.9,41608,"Villa Park","Simon Hooper",NA,"https://fbref.com/en/matches/d6a70a44/Aston-Villa-Fulham-November-12-2023-Premier-League"
"39","Premier League","M","ENG",2024,NA,"12","Sun",2023-11-12,"14:00","Brighton",1,1.5,"Sheffield Utd",1,1.1,31367,"The American Express Community Stadium","John Brooks",NA,"https://fbref.com/en/matches/ebf41e41/Brighton-and-Hove-Albion-Sheffield-United-November-12-2023-Premier-League"
"40","Premier League","M","ENG",2024,NA,"12","Sun",2023-11-12,"16:30","Chelsea",4,2.9,"Manchester City",4,2.9,39532,"Stamford Bridge","Anthony Taylor",NA,"https://fbref.com/en/matches/53bb8f30/Chelsea-Manchester-City-November-12-2023-Premier-League"
"41","Premier League","M","ENG",2024,NA,"13","Sat",2023-11-25,"12:30","Manchester City",1,1.3,"Liverpool",1,0.6,53289,"Etihad Stadium","Chris Kavanagh",NA,"https://fbref.com/en/matches/5d4a5006/Manchester-City-Liverpool-November-25-2023-Premier-League"
"42","Premier League","M","ENG",2024,NA,"13","Sat",2023-11-25,"15:00","Burnley",1,1.3,"West Ham",2,0.9,21319,"Turf Moor","Samuel Barrott",NA,"https://fbref.com/en/matches/36a64522/Burnley-West-Ham-United-November-25-2023-Premier-League"
"43","Premier League","M","ENG",2024,NA,"13","Sat",2023-11-25,"15:00","Nott'ham Forest",2,1.9,"Brighton",3,1.3,29404,"The City Ground","Anthony Taylor",NA,"https://fbref.com/en/matches/36be5cee/Nottingham-Forest-Brighton-and-Hove-Albion-November-25-2023-Premier-League"
"44","Premier League","M","ENG",2024,NA,"13","Sat",2023-11-25,"15:00","Sheffield Utd",1,0.8,"Bournemouth",3,2.9,30208,"Bramall Lane","Andy Madley",NA,"https://fbref.com/en/matches/799a2c04/Sheffield-United-Bournemouth-November-25-2023-Premier-League"
"45","Premier League","M","ENG",2024,NA,"13","Sat",2023-11-25,"15:00","Newcastle Utd",4,2.4,"Chelsea",1,0.5,52227,"St James' Park","Simon Hooper",NA,"https://fbref.com/en/matches/8c8f48f4/Newcastle-United-Chelsea-November-25-2023-Premier-League"
"46","Premier League","M","ENG",2024,NA,"13","Sat",2023-11-25,"15:00","Luton Town",2,0.9,"Crystal Palace",1,1.6,11029,"Kenilworth Road Stadium","Jarred Gillett",NA,"https://fbref.com/en/matches/f4805536/Luton-Town-Crystal-Palace-November-25-2023-Premier-League"
"47","Premier League","M","ENG",2024,NA,"13","Sat",2023-11-25,"17:30","Brentford",0,1.1,"Arsenal",1,1.6,17201,"Gtech Community Stadium","Tim Robinson",NA,"https://fbref.com/en/matches/626c6561/Brentford-Arsenal-November-25-2023-Premier-League"
"48","Premier League","M","ENG",2024,NA,"13","Sun",2023-11-26,"14:00","Tottenham",1,2.3,"Aston Villa",2,1.7,61679,"Tottenham Hotspur Stadium","Robert Jones",NA,"https://fbref.com/en/matches/83db7754/Tottenham-Hotspur-Aston-Villa-November-26-2023-Premier-League"
"49","Premier League","M","ENG",2024,NA,"13","Sun",2023-11-26,"16:30","Everton",0,2.4,"Manchester Utd",3,2.2,39257,"Goodison Park","John Brooks",NA,"https://fbref.com/en/matches/f82a83dd/Everton-Manchester-United-November-26-2023-Premier-League"
"50","Premier League","M","ENG",2024,NA,"13","Mon",2023-11-27,"20:00","Fulham",3,2.9,"Wolves",2,1.4,24366,"Craven Cottage","Michael Salisbury",NA,"https://fbref.com/en/matches/b19cc422/Fulham-Wolverhampton-Wanderers-November-27-2023-Premier-League"
"51","Premier League","M","ENG",2024,NA,"14","Sat",2023-12-02,"15:00","Brentford",3,3.1,"Luton Town",1,0.2,17075,"Gtech Community Stadium","Anthony Taylor",NA,"https://fbref.com/en/matches/0f71f535/Brentford-Luton-Town-December-2-2023-Premier-League"
"52","Premier League","M","ENG",2024,NA,"14","Sat",2023-12-02,"15:00","Arsenal",2,2.8,"Wolves",1,0.7,60262,"Emirates Stadium","Peter Bankes",NA,"https://fbref.com/en/matches/6e65df8e/Arsenal-Wolverhampton-Wanderers-December-2-2023-Premier-League"
"53","Premier League","M","ENG",2024,NA,"14","Sat",2023-12-02,"15:00","Burnley",5,1.8,"Sheffield Utd",0,0.4,21478,"Turf Moor","Chris Kavanagh",NA,"https://fbref.com/en/matches/e2c53b0a/Burnley-Sheffield-United-December-2-2023-Premier-League"
"54","Premier League","M","ENG",2024,NA,"14","Sat",2023-12-02,"17:30","Nott'ham Forest",0,0.7,"Everton",1,0.7,29404,"The City Ground","Paul Tierney",NA,"https://fbref.com/en/matches/0486198b/Nottingham-Forest-Everton-December-2-2023-Premier-League"
"55","Premier League","M","ENG",2024,NA,"14","Sat",2023-12-02,"20:00","Newcastle Utd",1,2.4,"Manchester Utd",0,0.5,52214,"St James' Park","Robert Jones",NA,"https://fbref.com/en/matches/66a1f3ac/Newcastle-United-Manchester-United-December-2-2023-Premier-League"
"56","Premier League","M","ENG",2024,NA,"14","Sun",2023-12-03,"14:00","Bournemouth",2,2,"Aston Villa",2,0.7,11191,"Vitality Stadium","Thomas Bramall",NA,"https://fbref.com/en/matches/19533403/Bournemouth-Aston-Villa-December-3-2023-Premier-League"
"57","Premier League","M","ENG",2024,NA,"14","Sun",2023-12-03,"14:00","Liverpool",4,2.1,"Fulham",3,1.2,50124,"Anfield","Stuart Attwell",NA,"https://fbref.com/en/matches/4b7e6f44/Liverpool-Fulham-December-3-2023-Premier-League"
"58","Premier League","M","ENG",2024,NA,"14","Sun",2023-12-03,"14:00","Chelsea",3,2.1,"Brighton",2,1.1,39647,"Stamford Bridge","Craig Pawson",NA,"https://fbref.com/en/matches/86b7d24f/Chelsea-Brighton-and-Hove-Albion-December-3-2023-Premier-League"
"59","Premier League","M","ENG",2024,NA,"14","Sun",2023-12-03,"14:00","West Ham",1,1.1,"Crystal Palace",1,0.9,62414,"London Stadium","Michael Oliver",NA,"https://fbref.com/en/matches/f7fb8049/West-Ham-United-Crystal-Palace-December-3-2023-Premier-League"
"60","Premier League","M","ENG",2024,NA,"14","Sun",2023-12-03,"16:30","Manchester City",3,2.6,"Tottenham",3,0.5,53473,"Etihad Stadium","Simon Hooper",NA,"https://fbref.com/en/matches/0e39f016/Manchester-City-Tottenham-Hotspur-December-3-2023-Premier-League"
"61","Premier League","M","ENG",2024,NA,"15","Tue",2023-12-05,"19:30","Wolves",1,0.8,"Burnley",0,0.9,30439,"Molineux Stadium","Jarred Gillett",NA,"https://fbref.com/en/matches/a52ffb27/Wolverhampton-Wanderers-Burnley-December-5-2023-Premier-League"
"62","Premier League","M","ENG",2024,NA,"15","Tue",2023-12-05,"20:15","Luton Town",3,0.5,"Arsenal",4,2.2,11031,"Kenilworth Road Stadium","Samuel Barrott",NA,"https://fbref.com/en/matches/dd3a5afc/Luton-Town-Arsenal-December-5-2023-Premier-League"
"63","Premier League","M","ENG",2024,NA,"15","Wed",2023-12-06,"19:30","Sheffield Utd",0,1,"Liverpool",2,1.7,31406,"Bramall Lane","Simon Hooper",NA,"https://fbref.com/en/matches/01aca132/Sheffield-United-Liverpool-December-6-2023-Premier-League"
"64","Premier League","M","ENG",2024,NA,"15","Wed",2023-12-06,"19:30","Crystal Palace",0,1,"Bournemouth",2,1.8,25078,"Selhurst Park","Craig Pawson",NA,"https://fbref.com/en/matches/09909bf8/Crystal-Palace-Bournemouth-December-6-2023-Premier-League"
"65","Premier League","M","ENG",2024,NA,"15","Wed",2023-12-06,"19:30","Brighton",2,1.5,"Brentford",1,1.5,31571,"The American Express Community Stadium","Peter Bankes",NA,"https://fbref.com/en/matches/75d21da8/Brighton-and-Hove-Albion-Brentford-December-6-2023-Premier-League"
"66","Premier League","M","ENG",2024,NA,"15","Wed",2023-12-06,"19:30","Fulham",5,2.5,"Nott'ham Forest",0,0.3,24105,"Craven Cottage","Joshua Smith",NA,"https://fbref.com/en/matches/fd5606da/Fulham-Nottingham-Forest-December-6-2023-Premier-League"
"67","Premier League","M","ENG",2024,NA,"15","Wed",2023-12-06,"20:15","Aston Villa",1,2.3,"Manchester City",0,0.6,41421,"Villa Park","John Brooks",NA,"https://fbref.com/en/matches/0ad90506/Aston-Villa-Manchester-City-December-6-2023-Premier-League"
"68","Premier League","M","ENG",2024,NA,"15","Wed",2023-12-06,"20:15","Manchester Utd",2,4.1,"Chelsea",1,1.5,73607,"Old Trafford","Chris Kavanagh",NA,"https://fbref.com/en/matches/49f486f6/Manchester-United-Chelsea-December-6-2023-Premier-League"
"69","Premier League","M","ENG",2024,NA,"15","Thu",2023-12-07,"19:30","Everton",3,3.3,"Newcastle Utd",0,1.5,38198,"Goodison Park","Tim Robinson",NA,"https://fbref.com/en/matches/2fe9d766/Everton-Newcastle-United-December-7-2023-Premier-League"
"70","Premier League","M","ENG",2024,NA,"15","Thu",2023-12-07,"20:15","Tottenham",1,1.8,"West Ham",2,2.2,61171,"Tottenham Hotspur Stadium","Michael Salisbury",NA,"https://fbref.com/en/matches/200af033/Tottenham-Hotspur-West-Ham-United-December-7-2023-Premier-League"
"71","Premier League","M","ENG",2024,NA,"16","Sat",2023-12-09,"12:30","Crystal Palace",1,1.7,"Liverpool",2,1.2,25103,"Selhurst Park","Andy Madley",NA,"https://fbref.com/en/matches/a1b18af3/Crystal-Palace-Liverpool-December-9-2023-Premier-League"
"72","Premier League","M","ENG",2024,NA,"16","Sat",2023-12-09,"15:00","Manchester Utd",0,1.1,"Bournemouth",3,1.5,73427,"Old Trafford","Peter Bankes",NA,"https://fbref.com/en/matches/0760a568/Manchester-United-Bournemouth-December-9-2023-Premier-League"
"73","Premier League","M","ENG",2024,NA,"16","Sat",2023-12-09,"15:00","Wolves",1,1.2,"Nott'ham Forest",1,1.3,31543,"Molineux Stadium","Samuel Barrott",NA,"https://fbref.com/en/matches/8c8fdba5/Wolverhampton-Wanderers-Nottingham-Forest-December-9-2023-Premier-League"
"74","Premier League","M","ENG",2024,NA,"16","Sat",2023-12-09,"15:00","Brighton",1,2.6,"Burnley",1,0.6,31511,"The American Express Community Stadium","Simon Hooper",NA,"https://fbref.com/en/matches/ab18fa97/Brighton-and-Hove-Albion-Burnley-December-9-2023-Premier-League"
"75","Premier League","M","ENG",2024,NA,"16","Sat",2023-12-09,"15:00","Sheffield Utd",1,0.8,"Brentford",0,0.6,28509,"Bramall Lane","Stuart Attwell",NA,"https://fbref.com/en/matches/e268f518/Sheffield-United-Brentford-December-9-2023-Premier-League"
"76","Premier League","M","ENG",2024,NA,"16","Sat",2023-12-09,"17:30","Aston Villa",1,0.6,"Arsenal",0,1.4,42000,"Villa Park","Jarred Gillett",NA,"https://fbref.com/en/matches/8cf29e50/Aston-Villa-Arsenal-December-9-2023-Premier-League"
"77","Premier League","M","ENG",2024,NA,"16","Sun",2023-12-10,"14:00","Everton",2,1.2,"Chelsea",0,0.9,39280,"Goodison Park","Michael Oliver",NA,"https://fbref.com/en/matches/953b5f9b/Everton-Chelsea-December-10-2023-Premier-League"
"78","Premier League","M","ENG",2024,NA,"16","Sun",2023-12-10,"14:00","Fulham",5,2.3,"West Ham",0,1.3,23988,"Craven Cottage","Paul Tierney",NA,"https://fbref.com/en/matches/d3dd23fb/Fulham-West-Ham-United-December-10-2023-Premier-League"
"79","Premier League","M","ENG",2024,NA,"16","Sun",2023-12-10,"14:00","Luton Town",1,0.3,"Manchester City",2,1.6,11047,"Kenilworth Road Stadium","Tim Robinson",NA,"https://fbref.com/en/matches/f6155857/Luton-Town-Manchester-City-December-10-2023-Premier-League"
"80","Premier League","M","ENG",2024,NA,"16","Sun",2023-12-10,"16:30","Tottenham",4,3.8,"Newcastle Utd",1,1.7,61171,"Tottenham Hotspur Stadium","Chris Kavanagh",NA,"https://fbref.com/en/matches/be6d1aac/Tottenham-Hotspur-Newcastle-United-December-10-2023-Premier-League"
"81","Premier League","M","ENG",2024,NA,"17","Fri",2023-12-15,"20:00","Nott'ham Forest",0,1.3,"Tottenham",2,1.5,29296,"The City Ground","Jarred Gillett",NA,"https://fbref.com/en/matches/4d9f1a71/Nottingham-Forest-Tottenham-Hotspur-December-15-2023-Premier-League"
"82","Premier League","M","ENG",2024,NA,"17","Sat",2023-12-16,"15:00","Manchester City",2,1.6,"Crystal Palace",2,1.8,53248,"Etihad Stadium","Paul Tierney",NA,"https://fbref.com/en/matches/30f3e1ee/Manchester-City-Crystal-Palace-December-16-2023-Premier-League"
"83","Premier League","M","ENG",2024,NA,"17","Sat",2023-12-16,"15:00","Chelsea",2,3.1,"Sheffield Utd",0,0.4,39599,"Stamford Bridge","Andy Madley",NA,"https://fbref.com/en/matches/3bbbaf15/Chelsea-Sheffield-United-December-16-2023-Premier-League"
"84","Premier League","M","ENG",2024,NA,"17","Sat",2023-12-16,"15:00","Newcastle Utd",3,3.5,"Fulham",0,0.3,52055,"St James' Park","Samuel Barrott",NA,"https://fbref.com/en/matches/5db0f25b/Newcastle-United-Fulham-December-16-2023-Premier-League"
"85","Premier League","M","ENG",2024,NA,"17","Sat",2023-12-16,"17:30","Burnley",0,0.7,"Everton",2,1.4,21413,"Turf Moor","Anthony Taylor",NA,"https://fbref.com/en/matches/01904d1d/Burnley-Everton-December-16-2023-Premier-League"
"86","Premier League","M","ENG",2024,NA,"17","Sun",2023-12-17,"14:00","Brentford",1,0.5,"Aston Villa",2,1.4,17034,"Gtech Community Stadium","David Coote",NA,"https://fbref.com/en/matches/4a3af0ab/Brentford-Aston-Villa-December-17-2023-Premier-League"
"87","Premier League","M","ENG",2024,NA,"17","Sun",2023-12-17,"14:00","West Ham",3,1.1,"Wolves",0,0.7,62455,"London Stadium","Chris Kavanagh",NA,"https://fbref.com/en/matches/5f5bc7b3/West-Ham-United-Wolverhampton-Wanderers-December-17-2023-Premier-League"
"88","Premier League","M","ENG",2024,NA,"17","Sun",2023-12-17,"14:00","Arsenal",2,2.3,"Brighton",0,0.7,60257,"Emirates Stadium","Tim Robinson",NA,"https://fbref.com/en/matches/e3a46a4e/Arsenal-Brighton-and-Hove-Albion-December-17-2023-Premier-League"
"89","Premier League","M","ENG",2024,NA,"17","Sun",2023-12-17,"16:30","Liverpool",0,2.3,"Manchester Utd",0,0.8,57158,"Anfield","Michael Oliver",NA,"https://fbref.com/en/matches/18e98d77/North-West-Derby-Liverpool-Manchester-United-December-17-2023-Premier-League"
"90","Premier League","M","ENG",2024,NA,"17","Wed",2024-03-13,"19:30","Bournemouth",4,2.3,"Luton Town",3,2,11198,"Vitality Stadium","Samuel Allison",NA,"https://fbref.com/en/matches/a32a8157/Bournemouth-Luton-Town-March-13-2024-Premier-League"
"91","Premier League","M","ENG",2024,NA,"18","Thu",2023-12-21,"20:00","Crystal Palace",1,1.3,"Brighton",1,1.2,24171,"Selhurst Park","John Brooks",NA,"https://fbref.com/en/matches/7340be7a/Crystal-Palace-Brighton-and-Hove-Albion-December-21-2023-Premier-League"
"92","Premier League","M","ENG",2024,NA,"18","Fri",2023-12-22,"20:00","Aston Villa",1,0.9,"Sheffield Utd",1,0.6,41651,"Villa Park","Anthony Taylor",NA,"https://fbref.com/en/matches/37916998/Aston-Villa-Sheffield-United-December-22-2023-Premier-League"
"93","Premier League","M","ENG",2024,NA,"18","Sat",2023-12-23,"12:30","West Ham",2,1.2,"Manchester Utd",0,1,64472,"London Stadium","Simon Hooper",NA,"https://fbref.com/en/matches/328777ed/West-Ham-United-Manchester-United-December-23-2023-Premier-League"
"94","Premier League","M","ENG",2024,NA,"18","Sat",2023-12-23,"15:00","Luton Town",1,1.4,"Newcastle Utd",0,1.4,11042,"Kenilworth Road Stadium","Darren England",NA,"https://fbref.com/en/matches/46bfb645/Luton-Town-Newcastle-United-December-23-2023-Premier-League"
"95","Premier League","M","ENG",2024,NA,"18","Sat",2023-12-23,"15:00","Fulham",0,1.3,"Burnley",2,0.4,23598,"Craven Cottage","Rebecca Welch",NA,"https://fbref.com/en/matches/7dd3c51a/Fulham-Burnley-December-23-2023-Premier-League"
"96","Premier League","M","ENG",2024,NA,"18","Sat",2023-12-23,"15:00","Tottenham",2,1.5,"Everton",1,1.8,61808,"Tottenham Hotspur Stadium","Stuart Attwell",NA,"https://fbref.com/en/matches/849071fe/Tottenham-Hotspur-Everton-December-23-2023-Premier-League"
"97","Premier League","M","ENG",2024,NA,"18","Sat",2023-12-23,"15:00","Nott'ham Forest",2,1,"Bournemouth",3,1.6,29188,"The City Ground","Robert Jones",NA,"https://fbref.com/en/matches/c5548935/Nottingham-Forest-Bournemouth-December-23-2023-Premier-League"
"98","Premier League","M","ENG",2024,NA,"18","Sat",2023-12-23,"17:30","Liverpool",1,1,"Arsenal",1,0.7,57548,"Anfield","Chris Kavanagh",NA,"https://fbref.com/en/matches/bfbfbbe8/Liverpool-Arsenal-December-23-2023-Premier-League"
"99","Premier League","M","ENG",2024,NA,"18","Sun",2023-12-24,"13:00","Wolves",2,1.3,"Chelsea",1,2,31641,"Molineux Stadium","David Coote",NA,"https://fbref.com/en/matches/8c0b314c/Wolverhampton-Wanderers-Chelsea-December-24-2023-Premier-League"
"100","Premier League","M","ENG",2024,NA,"18","Tue",2024-02-20,"19:30","Manchester City",1,2.3,"Brentford",0,0.4,52247,"Etihad Stadium","Darren England",NA,"https://fbref.com/en/matches/af88a1aa/Manchester-City-Brentford-February-20-2024-Premier-League"
"101","Premier League","M","ENG",2024,NA,"19","Tue",2023-12-26,"12:30","Newcastle Utd",1,2.4,"Nott'ham Forest",3,3.5,52207,"St James' Park","Chris Kavanagh",NA,"https://fbref.com/en/matches/f22a20f0/Newcastle-United-Nottingham-Forest-December-26-2023-Premier-League"
"102","Premier League","M","ENG",2024,NA,"19","Tue",2023-12-26,"15:00","Bournemouth",3,1.8,"Fulham",0,0.3,11099,"Vitality Stadium","Tim Robinson",NA,"https://fbref.com/en/matches/331c942d/Bournemouth-Fulham-December-26-2023-Premier-League"
"103","Premier League","M","ENG",2024,NA,"19","Tue",2023-12-26,"15:00","Sheffield Utd",2,2.4,"Luton Town",3,0.6,31041,"Bramall Lane","Samuel Allison",NA,"https://fbref.com/en/matches/6269b2e3/Sheffield-United-Luton-Town-December-26-2023-Premier-League"
"104","Premier League","M","ENG",2024,NA,"19","Tue",2023-12-26,"17:30","Burnley",0,0.8,"Liverpool",2,1.8,21624,"Turf Moor","Paul Tierney",NA,"https://fbref.com/en/matches/c0904954/Burnley-Liverpool-December-26-2023-Premier-League"
"105","Premier League","M","ENG",2024,NA,"19","Tue",2023-12-26,"20:00","Manchester Utd",3,1.1,"Aston Villa",2,1.7,73574,"Old Trafford","Craig Pawson",NA,"https://fbref.com/en/matches/83709fdf/Manchester-United-Aston-Villa-December-26-2023-Premier-League"
"106","Premier League","M","ENG",2024,NA,"19","Wed",2023-12-27,"19:30","Chelsea",2,2.6,"Crystal Palace",1,1.1,39618,"Stamford Bridge","Michael Salisbury",NA,"https://fbref.com/en/matches/2bfb6552/Chelsea-Crystal-Palace-December-27-2023-Premier-League"
"107","Premier League","M","ENG",2024,NA,"19","Wed",2023-12-27,"19:30","Brentford",1,2.2,"Wolves",4,2.4,17109,"Gtech Community Stadium","Andy Madley",NA,"https://fbref.com/en/matches/ea28d527/Brentford-Wolverhampton-Wanderers-December-27-2023-Premier-League"
"108","Premier League","M","ENG",2024,NA,"19","Wed",2023-12-27,"20:15","Everton",1,1,"Manchester City",3,2.4,39327,"Goodison Park","John Brooks",NA,"https://fbref.com/en/matches/b9f69f01/Everton-Manchester-City-December-27-2023-Premier-League"
"109","Premier League","M","ENG",2024,NA,"19","Thu",2023-12-28,"19:30","Brighton",4,3.2,"Tottenham",2,2.3,31675,"The American Express Community Stadium","Jarred Gillett",NA,"https://fbref.com/en/matches/3e2e9248/Brighton-and-Hove-Albion-Tottenham-Hotspur-December-28-2023-Premier-League"
"110","Premier League","M","ENG",2024,NA,"19","Thu",2023-12-28,"20:15","Arsenal",0,2.7,"West Ham",2,1.4,60261,"Emirates Stadium","Michael Oliver",NA,"https://fbref.com/en/matches/ba570015/Arsenal-West-Ham-United-December-28-2023-Premier-League"
"111","Premier League","M","ENG",2024,NA,"2","Fri",2023-08-18,"19:45","Nott'ham Forest",2,1.4,"Sheffield Utd",1,0.5,29432,"The City Ground","Peter Bankes",NA,"https://fbref.com/en/matches/a0a93f71/Nottingham-Forest-Sheffield-United-August-18-2023-Premier-League"
"112","Premier League","M","ENG",2024,NA,"2","Sat",2023-08-19,"15:00","Fulham",0,0.5,"Brentford",3,3.7,24236,"Craven Cottage","Darren Bond",NA,"https://fbref.com/en/matches/46be83af/Fulham-Brentford-August-19-2023-Premier-League"
"113","Premier League","M","ENG",2024,NA,"2","Sat",2023-08-19,"15:00","Liverpool",3,3,"Bournemouth",1,1.3,53145,"Anfield","Thomas Bramall",NA,"https://fbref.com/en/matches/80bebdbb/Liverpool-Bournemouth-August-19-2023-Premier-League"
"114","Premier League","M","ENG",2024,NA,"2","Sat",2023-08-19,"15:00","Wolves",1,2.1,"Brighton",4,2.2,31317,"Molineux Stadium","Andy Madley",NA,"https://fbref.com/en/matches/d7c606ec/Wolverhampton-Wanderers-Brighton-and-Hove-Albion-August-19-2023-Premier-League"
"115","Premier League","M","ENG",2024,NA,"2","Sat",2023-08-19,"17:30","Tottenham",2,1.7,"Manchester Utd",0,2.1,61910,"Tottenham Hotspur Stadium","Michael Oliver",NA,"https://fbref.com/en/matches/4bb62251/Tottenham-Hotspur-Manchester-United-August-19-2023-Premier-League"
"116","Premier League","M","ENG",2024,NA,"2","Sat",2023-08-19,"20:00","Manchester City",1,1,"Newcastle Utd",0,0.3,53419,"Etihad Stadium","Robert Jones",NA,"https://fbref.com/en/matches/0b8f50a5/Manchester-City-Newcastle-United-August-19-2023-Premier-League"
"117","Premier League","M","ENG",2024,NA,"2","Sun",2023-08-20,"14:00","Aston Villa",4,2.9,"Everton",0,0.6,41694,"Villa Park","Anthony Taylor",NA,"https://fbref.com/en/matches/959b558d/Aston-Villa-Everton-August-20-2023-Premier-League"
"118","Premier League","M","ENG",2024,NA,"2","Sun",2023-08-20,"16:30","West Ham",3,1.8,"Chelsea",1,2.5,62451,"London Stadium","John Brooks",NA,"https://fbref.com/en/matches/44b9a07c/West-Ham-United-Chelsea-August-20-2023-Premier-League"
"119","Premier League","M","ENG",2024,NA,"2","Mon",2023-08-21,"20:00","Crystal Palace",0,1,"Arsenal",1,2,24189,"Selhurst Park","David Coote",NA,"https://fbref.com/en/matches/3b5ecd36/Crystal-Palace-Arsenal-August-21-2023-Premier-League"
"120","Premier League","M","ENG",2024,NA,"2","Tue",2023-10-03,"19:30","Luton Town",1,1.3,"Burnley",2,1.1,10918,"Kenilworth Road Stadium","Peter Bankes",NA,"https://fbref.com/en/matches/4f7b3f27/Luton-Town-Burnley-October-3-2023-Premier-League"
"121","Premier League","M","ENG",2024,NA,"20","Sat",2023-12-30,"12:30","Luton Town",2,2.3,"Chelsea",3,1.5,11041,"Kenilworth Road Stadium","Paul Tierney",NA,"https://fbref.com/en/matches/8e04572c/Luton-Town-Chelsea-December-30-2023-Premier-League"
"122","Premier League","M","ENG",2024,NA,"20","Sat",2023-12-30,"15:00","Aston Villa",3,3.2,"Burnley",2,1.2,41613,"Villa Park","Stuart Attwell",NA,"https://fbref.com/en/matches/2828c5bc/Aston-Villa-Burnley-December-30-2023-Premier-League"
"123","Premier League","M","ENG",2024,NA,"20","Sat",2023-12-30,"15:00","Wolves",3,1.9,"Everton",0,0.4,31639,"Molineux Stadium","Thomas Bramall",NA,"https://fbref.com/en/matches/7dfc59ca/Wolverhampton-Wanderers-Everton-December-30-2023-Premier-League"
"124","Premier League","M","ENG",2024,NA,"20","Sat",2023-12-30,"15:00","Manchester City",2,2.2,"Sheffield Utd",0,0.3,53108,"Etihad Stadium","David Coote",NA,"https://fbref.com/en/matches/aefd7405/Manchester-City-Sheffield-United-December-30-2023-Premier-League"
"125","Premier League","M","ENG",2024,NA,"20","Sat",2023-12-30,"15:00","Crystal Palace",3,1,"Brentford",1,1.4,25472,"Selhurst Park","Robert Jones",NA,"https://fbref.com/en/matches/e9d5dd9b/Crystal-Palace-Brentford-December-30-2023-Premier-League"
"126","Premier League","M","ENG",2024,NA,"20","Sat",2023-12-30,"17:30","Nott'ham Forest",2,0.7,"Manchester Utd",1,0.8,29529,"The City Ground","Tim Robinson",NA,"https://fbref.com/en/matches/1aa68cba/Nottingham-Forest-Manchester-United-December-30-2023-Premier-League"
"127","Premier League","M","ENG",2024,NA,"20","Sun",2023-12-31,"14:00","Tottenham",3,2.3,"Bournemouth",1,1.7,61780,"Tottenham Hotspur Stadium","Simon Hooper",NA,"https://fbref.com/en/matches/3ab71352/Tottenham-Hotspur-Bournemouth-December-31-2023-Premier-League"
"128","Premier League","M","ENG",2024,NA,"20","Sun",2023-12-31,"14:00","Fulham",2,1.2,"Arsenal",1,1.6,24444,"Craven Cottage","Joshua Smith",NA,"https://fbref.com/en/matches/6c1b6ffc/Fulham-Arsenal-December-31-2023-Premier-League"
"129","Premier League","M","ENG",2024,NA,"20","Mon",2024-01-01,"20:00","Liverpool",4,7,"Newcastle Utd",2,0.6,57471,"Anfield","Anthony Taylor",NA,"https://fbref.com/en/matches/107b2d79/Liverpool-Newcastle-United-January-1-2024-Premier-League"
"130","Premier League","M","ENG",2024,NA,"20","Tue",2024-01-02,"19:30","West Ham",0,0.7,"Brighton",0,2.3,62462,"London Stadium","Samuel Barrott",NA,"https://fbref.com/en/matches/d557afd0/West-Ham-United-Brighton-and-Hove-Albion-January-2-2024-Premier-League"
"131","Premier League","M","ENG",2024,NA,"21","Fri",2024-01-12,"19:45","Burnley",1,1.1,"Luton Town",1,0.9,20155,"Turf Moor","Tony Harrington",NA,"https://fbref.com/en/matches/d62dd931/Burnley-Luton-Town-January-12-2024-Premier-League"
"132","Premier League","M","ENG",2024,NA,"21","Sat",2024-01-13,"12:30","Chelsea",1,2.2,"Fulham",0,0.8,39643,"Stamford Bridge","Anthony Taylor",NA,"https://fbref.com/en/matches/dd052c34/Chelsea-Fulham-January-13-2024-Premier-League"
"133","Premier League","M","ENG",2024,NA,"21","Sat",2024-01-13,"17:30","Newcastle Utd",2,1.3,"Manchester City",3,3,52190,"St James' Park","Chris Kavanagh",NA,"https://fbref.com/en/matches/738f8c3e/Newcastle-United-Manchester-City-January-13-2024-Premier-League"
"134","Premier League","M","ENG",2024,NA,"21","Sun",2024-01-14,"14:00","Everton",0,1.1,"Aston Villa",0,1.2,39284,"Goodison Park","David Coote",NA,"https://fbref.com/en/matches/1628c63e/Everton-Aston-Villa-January-14-2024-Premier-League"
"135","Premier League","M","ENG",2024,NA,"21","Sun",2024-01-14,"16:30","Manchester Utd",2,0.8,"Tottenham",2,1.2,73489,"Old Trafford","John Brooks",NA,"https://fbref.com/en/matches/904ed2f9/Manchester-United-Tottenham-Hotspur-January-14-2024-Premier-League"
"136","Premier League","M","ENG",2024,NA,"21","Sat",2024-01-20,"12:30","Arsenal",5,3.3,"Crystal Palace",0,0.3,60284,"Emirates Stadium","Paul Tierney",NA,"https://fbref.com/en/matches/006fb5b5/Arsenal-Crystal-Palace-January-20-2024-Premier-League"
"137","Premier League","M","ENG",2024,NA,"21","Sat",2024-01-20,"17:30","Brentford",3,1.2,"Nott'ham Forest",2,1.2,17077,"Gtech Community Stadium","Darren England",NA,"https://fbref.com/en/matches/e0a9c631/Brentford-Nottingham-Forest-January-20-2024-Premier-League"
"138","Premier League","M","ENG",2024,NA,"21","Sun",2024-01-21,"14:00","Sheffield Utd",2,2.5,"West Ham",2,2.3,29164,"Bramall Lane","Michael Salisbury",NA,"https://fbref.com/en/matches/abd525b4/Sheffield-United-West-Ham-United-January-21-2024-Premier-League"
"139","Premier League","M","ENG",2024,NA,"21","Sun",2024-01-21,"16:30","Bournemouth",0,1.4,"Liverpool",4,1.5,11228,"Vitality Stadium","Andy Madley",NA,"https://fbref.com/en/matches/9a03e25c/Bournemouth-Liverpool-January-21-2024-Premier-League"
"140","Premier League","M","ENG",2024,NA,"21","Mon",2024-01-22,"19:45","Brighton",0,1,"Wolves",0,1.1,41505,"The American Express Community Stadium","Craig Pawson",NA,"https://fbref.com/en/matches/35fb5bc2/Brighton-and-Hove-Albion-Wolverhampton-Wanderers-January-22-2024-Premier-League"
"141","Premier League","M","ENG",2024,NA,"22","Tue",2024-01-30,"19:30","Nott'ham Forest",1,0.5,"Arsenal",2,1.2,29387,"The City Ground","Simon Hooper",NA,"https://fbref.com/en/matches/20a16b44/Nottingham-Forest-Arsenal-January-30-2024-Premier-League"
"142","Premier League","M","ENG",2024,NA,"22","Tue",2024-01-30,"19:45","Fulham",0,1.6,"Everton",0,1.9,24376,"Craven Cottage","Thomas Bramall",NA,"https://fbref.com/en/matches/17d24e01/Fulham-Everton-January-30-2024-Premier-League"
"143","Premier League","M","ENG",2024,NA,"22","Tue",2024-01-30,"19:45","Luton Town",4,3.1,"Brighton",0,0.9,10994,"Kenilworth Road Stadium","Robert Jones",NA,"https://fbref.com/en/matches/381f12be/Luton-Town-Brighton-and-Hove-Albion-January-30-2024-Premier-League"
"144","Premier League","M","ENG",2024,NA,"22","Tue",2024-01-30,"20:00","Crystal Palace",3,1.1,"Sheffield Utd",2,0.8,24781,"Selhurst Park","Tony Harrington",NA,"https://fbref.com/en/matches/9f51ce03/Crystal-Palace-Sheffield-United-January-30-2024-Premier-League"
"145","Premier League","M","ENG",2024,NA,"22","Tue",2024-01-30,"20:15","Aston Villa",1,1.4,"Newcastle Utd",3,2.6,42191,"Villa Park","John Brooks",NA,"https://fbref.com/en/matches/d8679e54/Aston-Villa-Newcastle-United-January-30-2024-Premier-League"
"146","Premier League","M","ENG",2024,NA,"22","Wed",2024-01-31,"19:30","Tottenham",3,2.9,"Brentford",2,1.6,61210,"Tottenham Hotspur Stadium","David Coote",NA,"https://fbref.com/en/matches/79ffec97/Tottenham-Hotspur-Brentford-January-31-2024-Premier-League"
"147","Premier League","M","ENG",2024,NA,"22","Wed",2024-01-31,"19:30","Manchester City",3,1.7,"Burnley",1,1.4,52143,"Etihad Stadium","Samuel Barrott",NA,"https://fbref.com/en/matches/d10aaae8/Manchester-City-Burnley-January-31-2024-Premier-League"
"148","Premier League","M","ENG",2024,NA,"22","Wed",2024-01-31,"20:15","Liverpool",4,2.9,"Chelsea",1,0.6,57524,"Anfield","Paul Tierney",NA,"https://fbref.com/en/matches/1836d9bd/Liverpool-Chelsea-January-31-2024-Premier-League"
"149","Premier League","M","ENG",2024,NA,"22","Thu",2024-02-01,"19:30","West Ham",1,1.4,"Bournemouth",1,1.2,62478,"London Stadium","Tim Robinson",NA,"https://fbref.com/en/matches/16dc9951/West-Ham-United-Bournemouth-February-1-2024-Premier-League"
"150","Premier League","M","ENG",2024,NA,"22","Thu",2024-02-01,"20:15","Wolves",3,2.1,"Manchester Utd",4,3.3,31641,"Molineux Stadium","Jarred Gillett",NA,"https://fbref.com/en/matches/457203bc/Wolverhampton-Wanderers-Manchester-United-February-1-2024-Premier-League"
"151","Premier League","M","ENG",2024,NA,"23","Sat",2024-02-03,"12:30","Everton",2,2.6,"Tottenham",2,1,39321,"Goodison Park","Michael Oliver",NA,"https://fbref.com/en/matches/fd68d50e/Everton-Tottenham-Hotspur-February-3-2024-Premier-League"
"152","Premier League","M","ENG",2024,NA,"23","Sat",2024-02-03,"15:00","Newcastle Utd",4,2.3,"Luton Town",4,2.4,52211,"St James' Park","Thomas Bramall",NA,"https://fbref.com/en/matches/67cb7a4e/Newcastle-United-Luton-Town-February-3-2024-Premier-League"
"153","Premier League","M","ENG",2024,NA,"23","Sat",2024-02-03,"15:00","Brighton",4,1.4,"Crystal Palace",1,0.3,31345,"The American Express Community Stadium","Simon Hooper",NA,"https://fbref.com/en/matches/689d15cf/Brighton-and-Hove-Albion-Crystal-Palace-February-3-2024-Premier-League"
"154","Premier League","M","ENG",2024,NA,"23","Sat",2024-02-03,"15:00","Burnley",2,1.8,"Fulham",2,1.5,20203,"Turf Moor","Darren Bond",NA,"https://fbref.com/en/matches/a2436e30/Burnley-Fulham-February-3-2024-Premier-League"
"155","Premier League","M","ENG",2024,NA,"23","Sat",2024-02-03,"17:30","Sheffield Utd",0,1.4,"Aston Villa",5,2.2,30187,"Bramall Lane","Paul Tierney",NA,"https://fbref.com/en/matches/b3e195c5/Sheffield-United-Aston-Villa-February-3-2024-Premier-League"
"156","Premier League","M","ENG",2024,NA,"23","Sun",2024-02-04,"14:00","Bournemouth",1,1.3,"Nott'ham Forest",1,0.5,11200,"Vitality Stadium","Rebecca Welch",NA,"https://fbref.com/en/matches/29948898/Bournemouth-Nottingham-Forest-February-4-2024-Premier-League"
"157","Premier League","M","ENG",2024,NA,"23","Sun",2024-02-04,"14:00","Manchester Utd",3,0.7,"West Ham",0,1.4,73612,"Old Trafford","Andy Madley",NA,"https://fbref.com/en/matches/dc1428be/Manchester-United-West-Ham-United-February-4-2024-Premier-League"
"158","Premier League","M","ENG",2024,NA,"23","Sun",2024-02-04,"14:00","Chelsea",2,1.7,"Wolves",4,2,39628,"Stamford Bridge","Tim Robinson",NA,"https://fbref.com/en/matches/dfde4bd7/Chelsea-Wolverhampton-Wanderers-February-4-2024-Premier-League"
"159","Premier League","M","ENG",2024,NA,"23","Sun",2024-02-04,"16:30","Arsenal",3,3.5,"Liverpool",1,0.4,60374,"Emirates Stadium","Anthony Taylor",NA,"https://fbref.com/en/matches/99020abf/Arsenal-Liverpool-February-4-2024-Premier-League"
"160","Premier League","M","ENG",2024,NA,"23","Mon",2024-02-05,"20:00","Brentford",1,1,"Manchester City",3,2.1,17096,"Gtech Community Stadium","Jarred Gillett",NA,"https://fbref.com/en/matches/2b3630b6/Brentford-Manchester-City-February-5-2024-Premier-League"
"161","Premier League","M","ENG",2024,NA,"24","Sat",2024-02-10,"12:30","Manchester City",2,1.6,"Everton",0,0.3,52187,"Etihad Stadium","John Brooks",NA,"https://fbref.com/en/matches/00ea7906/Manchester-City-Everton-February-10-2024-Premier-League"
"162","Premier League","M","ENG",2024,NA,"24","Sat",2024-02-10,"15:00","Luton Town",1,1.8,"Sheffield Utd",3,1.7,11138,"Kenilworth Road Stadium","Chris Kavanagh",NA,"https://fbref.com/en/matches/1a4e7d02/Luton-Town-Sheffield-United-February-10-2024-Premier-League"
"163","Premier League","M","ENG",2024,NA,"24","Sat",2024-02-10,"15:00","Liverpool",3,2.8,"Burnley",1,1.3,59896,"Anfield","Tim Robinson",NA,"https://fbref.com/en/matches/29e4d6ac/Liverpool-Burnley-February-10-2024-Premier-League"
"164","Premier League","M","ENG",2024,NA,"24","Sat",2024-02-10,"15:00","Wolves",0,1,"Brentford",2,1.9,30731,"Molineux Stadium","Simon Hooper",NA,"https://fbref.com/en/matches/922cd256/Wolverhampton-Wanderers-Brentford-February-10-2024-Premier-League"
"165","Premier League","M","ENG",2024,NA,"24","Sat",2024-02-10,"15:00","Fulham",3,1.6,"Bournemouth",1,1.8,24271,"Craven Cottage","Darren England",NA,"https://fbref.com/en/matches/bf9e0d20/Fulham-Bournemouth-February-10-2024-Premier-League"
"166","Premier League","M","ENG",2024,NA,"24","Sat",2024-02-10,"15:00","Tottenham",2,1.6,"Brighton",1,1.2,61445,"Tottenham Hotspur Stadium","Samuel Barrott",NA,"https://fbref.com/en/matches/c0dfccdf/Tottenham-Hotspur-Brighton-and-Hove-Albion-February-10-2024-Premier-League"
"167","Premier League","M","ENG",2024,NA,"24","Sat",2024-02-10,"17:30","Nott'ham Forest",2,1.5,"Newcastle Utd",3,0.5,29451,"The City Ground","Anthony Taylor",NA,"https://fbref.com/en/matches/1c53666a/Nottingham-Forest-Newcastle-United-February-10-2024-Premier-League"
"168","Premier League","M","ENG",2024,NA,"24","Sun",2024-02-11,"14:00","West Ham",0,0.2,"Arsenal",6,3.6,62475,"London Stadium","Craig Pawson",NA,"https://fbref.com/en/matches/a1da23dc/West-Ham-United-Arsenal-February-11-2024-Premier-League"
"169","Premier League","M","ENG",2024,NA,"24","Sun",2024-02-11,"16:30","Aston Villa",1,2.4,"Manchester Utd",2,1.8,42185,"Villa Park","Robert Jones",NA,"https://fbref.com/en/matches/fd36479b/Aston-Villa-Manchester-United-February-11-2024-Premier-League"
"170","Premier League","M","ENG",2024,NA,"24","Mon",2024-02-12,"20:00","Crystal Palace",1,0.6,"Chelsea",3,1.4,25110,"Selhurst Park","Michael Oliver",NA,"https://fbref.com/en/matches/1206b952/Crystal-Palace-Chelsea-February-12-2024-Premier-League"
"171","Premier League","M","ENG",2024,NA,"25","Sat",2024-02-17,"12:30","Brentford",1,1.6,"Liverpool",4,2.8,17193,"Gtech Community Stadium","Michael Oliver",NA,"https://fbref.com/en/matches/ca1e26a0/Brentford-Liverpool-February-17-2024-Premier-League"
"172","Premier League","M","ENG",2024,NA,"25","Sat",2024-02-17,"15:00","Newcastle Utd",2,2.2,"Bournemouth",2,2.2,52224,"St James' Park","Michael Salisbury",NA,"https://fbref.com/en/matches/083c4444/Newcastle-United-Bournemouth-February-17-2024-Premier-League"
"173","Premier League","M","ENG",2024,NA,"25","Sat",2024-02-17,"15:00","Tottenham",1,1.6,"Wolves",2,1.8,61532,"Tottenham Hotspur Stadium","Anthony Taylor",NA,"https://fbref.com/en/matches/30193251/Tottenham-Hotspur-Wolverhampton-Wanderers-February-17-2024-Premier-League"
"174","Premier League","M","ENG",2024,NA,"25","Sat",2024-02-17,"15:00","Burnley",0,0.3,"Arsenal",5,2.3,21311,"Turf Moor","Jarred Gillett",NA,"https://fbref.com/en/matches/59631171/Burnley-Arsenal-February-17-2024-Premier-League"
"175","Premier League","M","ENG",2024,NA,"25","Sat",2024-02-17,"15:00","Fulham",1,1.5,"Aston Villa",2,1.5,24401,"Craven Cottage","Lewis Smith",NA,"https://fbref.com/en/matches/796ff9f0/Fulham-Aston-Villa-February-17-2024-Premier-League"
"176","Premier League","M","ENG",2024,NA,"25","Sat",2024-02-17,"15:00","Nott'ham Forest",2,2.8,"West Ham",0,0.5,29490,"The City Ground","Thomas Bramall",NA,"https://fbref.com/en/matches/d657db47/Nottingham-Forest-West-Ham-United-February-17-2024-Premier-League"
"177","Premier League","M","ENG",2024,NA,"25","Sat",2024-02-17,"17:30","Manchester City",1,2.6,"Chelsea",1,1.4,52178,"Etihad Stadium","Andy Madley",NA,"https://fbref.com/en/matches/78fb7fc2/Manchester-City-Chelsea-February-17-2024-Premier-League"
"178","Premier League","M","ENG",2024,NA,"25","Sun",2024-02-18,"14:00","Sheffield Utd",0,0.6,"Brighton",5,2.9,29522,"Bramall Lane","Stuart Attwell",NA,"https://fbref.com/en/matches/811fa03f/Sheffield-United-Brighton-and-Hove-Albion-February-18-2024-Premier-League"
"179","Premier League","M","ENG",2024,NA,"25","Sun",2024-02-18,"16:30","Luton Town",1,1.8,"Manchester Utd",2,2.9,11483,"Kenilworth Road Stadium","David Coote",NA,"https://fbref.com/en/matches/49523b04/Luton-Town-Manchester-United-February-18-2024-Premier-League"
"180","Premier League","M","ENG",2024,NA,"25","Mon",2024-02-19,"20:00","Everton",1,1.7,"Crystal Palace",1,0.7,38164,"Goodison Park","Paul Tierney",NA,"https://fbref.com/en/matches/573f2f77/Everton-Crystal-Palace-February-19-2024-Premier-League"
"181","Premier League","M","ENG",2024,NA,"26","Wed",2024-02-21,"19:30","Liverpool",4,3.3,"Luton Town",1,0.9,59713,"Anfield","Andy Madley",NA,"https://fbref.com/en/matches/58636a1e/Liverpool-Luton-Town-February-21-2024-Premier-League"
"182","Premier League","M","ENG",2024,NA,"26","Sat",2024-02-24,"15:00","Manchester Utd",1,1.7,"Fulham",2,1.2,73487,"Old Trafford","Michael Oliver",NA,"https://fbref.com/en/matches/45f67948/Manchester-United-Fulham-February-24-2024-Premier-League"
"183","Premier League","M","ENG",2024,NA,"26","Sat",2024-02-24,"15:00","Crystal Palace",3,2.4,"Burnley",0,0.1,24042,"Selhurst Park","Lewis Smith",NA,"https://fbref.com/en/matches/89cd2d5e/Crystal-Palace-Burnley-February-24-2024-Premier-League"
"184","Premier League","M","ENG",2024,NA,"26","Sat",2024-02-24,"15:00","Brighton",1,1.4,"Everton",1,0.3,41646,"The American Express Community Stadium","Tony Harrington",NA,"https://fbref.com/en/matches/eb7c6993/Brighton-and-Hove-Albion-Everton-February-24-2024-Premier-League"
"185","Premier League","M","ENG",2024,NA,"26","Sat",2024-02-24,"15:00","Aston Villa",4,3.6,"Nott'ham Forest",2,2.6,42131,"Villa Park","Samuel Barrott",NA,"https://fbref.com/en/matches/f61fbe36/Aston-Villa-Nottingham-Forest-February-24-2024-Premier-League"
"186","Premier League","M","ENG",2024,NA,"26","Sat",2024-02-24,"17:30","Bournemouth",0,0.9,"Manchester City",1,1.6,11184,"Vitality Stadium","Jarred Gillett",NA,"https://fbref.com/en/matches/f6d6a212/Bournemouth-Manchester-City-February-24-2024-Premier-League"
"187","Premier League","M","ENG",2024,NA,"26","Sat",2024-02-24,"20:00","Arsenal",4,2.8,"Newcastle Utd",1,0.2,60298,"Emirates Stadium","Paul Tierney",NA,"https://fbref.com/en/matches/8f922133/Arsenal-Newcastle-United-February-24-2024-Premier-League"
"188","Premier League","M","ENG",2024,NA,"26","Sun",2024-02-25,"13:30","Wolves",1,1.3,"Sheffield Utd",0,0.6,30789,"Molineux Stadium","Darren Bond",NA,"https://fbref.com/en/matches/ada09dda/Wolverhampton-Wanderers-Sheffield-United-February-25-2024-Premier-League"
"189","Premier League","M","ENG",2024,NA,"26","Mon",2024-02-26,"20:00","West Ham",4,1.7,"Brentford",2,0.9,62450,"London Stadium","Simon Hooper",NA,"https://fbref.com/en/matches/15a04102/West-Ham-United-Brentford-February-26-2024-Premier-League"
"190","Premier League","M","ENG",2024,NA,"26","Thu",2024-05-02,"19:30","Chelsea",2,2.2,"Tottenham",0,1.6,39086,"Stamford Bridge","Robert Jones",NA,"https://fbref.com/en/matches/6b489131/Chelsea-Tottenham-Hotspur-May-2-2024-Premier-League"
"191","Premier League","M","ENG",2024,NA,"27","Sat",2024-03-02,"15:00","Fulham",3,1.3,"Brighton",0,1.3,24460,"Craven Cottage","Simon Hooper",NA,"https://fbref.com/en/matches/20278247/Fulham-Brighton-and-Hove-Albion-March-2-2024-Premier-League"
"192","Premier League","M","ENG",2024,NA,"27","Sat",2024-03-02,"15:00","Tottenham",3,1.9,"Crystal Palace",1,0.3,61339,"Tottenham Hotspur Stadium","John Brooks",NA,"https://fbref.com/en/matches/8812bfd9/Tottenham-Hotspur-Crystal-Palace-March-2-2024-Premier-League"
"193","Premier League","M","ENG",2024,NA,"27","Sat",2024-03-02,"15:00","Brentford",2,1.8,"Chelsea",2,1.8,17140,"Gtech Community Stadium","Jarred Gillett",NA,"https://fbref.com/en/matches/ba1992b0/Brentford-Chelsea-March-2-2024-Premier-League"
"194","Premier League","M","ENG",2024,NA,"27","Sat",2024-03-02,"15:00","Newcastle Utd",3,2.1,"Wolves",0,0.8,52206,"St James' Park","Tim Robinson",NA,"https://fbref.com/en/matches/bbae8356/Newcastle-United-Wolverhampton-Wanderers-March-2-2024-Premier-League"
"195","Premier League","M","ENG",2024,NA,"27","Sat",2024-03-02,"15:00","Nott'ham Forest",0,1,"Liverpool",1,2,29603,"The City Ground","Paul Tierney",NA,"https://fbref.com/en/matches/d1a00cf0/Nottingham-Forest-Liverpool-March-2-2024-Premier-League"
"196","Premier League","M","ENG",2024,NA,"27","Sat",2024-03-02,"15:00","Everton",1,2.7,"West Ham",3,1.9,39262,"Goodison Park","Craig Pawson",NA,"https://fbref.com/en/matches/e9183936/Everton-West-Ham-United-March-2-2024-Premier-League"
"197","Premier League","M","ENG",2024,NA,"27","Sat",2024-03-02,"17:30","Luton Town",2,1.8,"Aston Villa",3,1.9,11594,"Kenilworth Road Stadium","Michael Oliver",NA,"https://fbref.com/en/matches/59f4adc0/Luton-Town-Aston-Villa-March-2-2024-Premier-League"
"198","Premier League","M","ENG",2024,NA,"27","Sun",2024-03-03,"13:00","Burnley",0,1.5,"Bournemouth",2,1.1,19713,"Turf Moor","David Coote",NA,"https://fbref.com/en/matches/f7674d8b/Burnley-Bournemouth-March-3-2024-Premier-League"
"199","Premier League","M","ENG",2024,NA,"27","Sun",2024-03-03,"15:30","Manchester City",3,3.3,"Manchester Utd",1,0.2,53514,"Etihad Stadium","Andy Madley",NA,"https://fbref.com/en/matches/615eff06/Manchester-Derby-Manchester-City-Manchester-United-March-3-2024-Premier-League"
"200","Premier League","M","ENG",2024,NA,"27","Mon",2024-03-04,"20:00","Sheffield Utd",0,0.2,"Arsenal",6,2.3,29157,"Bramall Lane","Samuel Barrott",NA,"https://fbref.com/en/matches/2eca8900/Sheffield-United-Arsenal-March-4-2024-Premier-League"
"201","Premier League","M","ENG",2024,NA,"28","Sat",2024-03-09,"12:30","Manchester Utd",2,2.7,"Everton",0,1.6,73601,"Old Trafford","Simon Hooper",NA,"https://fbref.com/en/matches/fede7f6e/Manchester-United-Everton-March-9-2024-Premier-League"
"202","Premier League","M","ENG",2024,NA,"28","Sat",2024-03-09,"15:00","Bournemouth",2,3.3,"Sheffield Utd",2,1.2,11074,"Vitality Stadium","Anthony Taylor",NA,"https://fbref.com/en/matches/81b6715a/Bournemouth-Sheffield-United-March-9-2024-Premier-League"
"203","Premier League","M","ENG",2024,NA,"28","Sat",2024-03-09,"15:00","Wolves",2,0.8,"Fulham",1,2.6,30860,"Molineux Stadium","Tony Harrington",NA,"https://fbref.com/en/matches/b606cbde/Wolverhampton-Wanderers-Fulham-March-9-2024-Premier-League"
"204","Premier League","M","ENG",2024,NA,"28","Sat",2024-03-09,"15:00","Crystal Palace",1,2.7,"Luton Town",1,0.8,25103,"Selhurst Park","Sunny Singh",NA,"https://fbref.com/en/matches/fd693c8e/Crystal-Palace-Luton-Town-March-9-2024-Premier-League"
"205","Premier League","M","ENG",2024,NA,"28","Sat",2024-03-09,"17:30","Arsenal",2,1.3,"Brentford",1,1,60331,"Emirates Stadium","Robert Jones",NA,"https://fbref.com/en/matches/0e9002ec/Arsenal-Brentford-March-9-2024-Premier-League"
"206","Premier League","M","ENG",2024,NA,"28","Sun",2024-03-10,"13:00","Aston Villa",0,0.8,"Tottenham",4,1.5,42310,"Villa Park","Chris Kavanagh",NA,"https://fbref.com/en/matches/a32a7069/Aston-Villa-Tottenham-Hotspur-March-10-2024-Premier-League"
"207","Premier League","M","ENG",2024,NA,"28","Sun",2024-03-10,"14:00","West Ham",2,2.1,"Burnley",2,0.7,62441,"London Stadium","Darren England",NA,"https://fbref.com/en/matches/9ef133d6/West-Ham-United-Burnley-March-10-2024-Premier-League"
"208","Premier League","M","ENG",2024,NA,"28","Sun",2024-03-10,"14:00","Brighton",1,0.4,"Nott'ham Forest",0,0.7,31505,"The American Express Community Stadium","Michael Salisbury",NA,"https://fbref.com/en/matches/f17d9ccd/Brighton-and-Hove-Albion-Nottingham-Forest-March-10-2024-Premier-League"
"209","Premier League","M","ENG",2024,NA,"28","Sun",2024-03-10,"15:45","Liverpool",1,2.7,"Manchester City",1,1.6,59947,"Anfield","Michael Oliver",NA,"https://fbref.com/en/matches/96da3e29/Liverpool-Manchester-City-March-10-2024-Premier-League"
"210","Premier League","M","ENG",2024,NA,"28","Mon",2024-03-11,"20:00","Chelsea",3,1.6,"Newcastle Utd",2,0.7,37753,"Stamford Bridge","John Brooks",NA,"https://fbref.com/en/matches/d4b4c06f/Chelsea-Newcastle-United-March-11-2024-Premier-League"
"211","Premier League","M","ENG",2024,NA,"29","Sat",2024-03-16,"15:00","Luton Town",1,0.6,"Nott'ham Forest",1,2,11630,"Kenilworth Road Stadium","Darren England",NA,"https://fbref.com/en/matches/76d09384/Luton-Town-Nottingham-Forest-March-16-2024-Premier-League"
"212","Premier League","M","ENG",2024,NA,"29","Sat",2024-03-16,"15:00","Burnley",2,2.8,"Brentford",1,1.1,20431,"Turf Moor","Darren Bond",NA,"https://fbref.com/en/matches/b280b66a/Burnley-Brentford-March-16-2024-Premier-League"
"213","Premier League","M","ENG",2024,NA,"29","Sat",2024-03-16,"17:30","Fulham",3,2.6,"Tottenham",0,2.4,24410,"Craven Cottage","Robert Jones",NA,"https://fbref.com/en/matches/8a009cc4/Fulham-Tottenham-Hotspur-March-16-2024-Premier-League"
"214","Premier League","M","ENG",2024,NA,"29","Sun",2024-03-17,"14:00","West Ham",1,2,"Aston Villa",1,0.7,62461,"London Stadium","Jarred Gillett",NA,"https://fbref.com/en/matches/fc356c59/West-Ham-United-Aston-Villa-March-17-2024-Premier-League"
"215","Premier League","M","ENG",2024,NA,"29","Tue",2024-04-23,"20:00","Arsenal",5,3.3,"Chelsea",0,1.6,60238,"Emirates Stadium","Simon Hooper",NA,"https://fbref.com/en/matches/3435dfcc/North-West-London-Derby-Arsenal-Chelsea-April-23-2024-Premier-League"
"216","Premier League","M","ENG",2024,NA,"29","Wed",2024-04-24,"19:45","Wolves",0,0.5,"Bournemouth",1,1.9,25541,"Molineux Stadium","Stuart Attwell",NA,"https://fbref.com/en/matches/2e209def/Wolverhampton-Wanderers-Bournemouth-April-24-2024-Premier-League"
"217","Premier League","M","ENG",2024,NA,"29","Wed",2024-04-24,"20:00","Manchester Utd",4,2.9,"Sheffield Utd",2,0.8,73549,"Old Trafford","Michael Salisbury",NA,"https://fbref.com/en/matches/70770e72/Manchester-United-Sheffield-United-April-24-2024-Premier-League"
"218","Premier League","M","ENG",2024,NA,"29","Wed",2024-04-24,"20:00","Everton",2,1.2,"Liverpool",0,2.1,38222,"Goodison Park","Andy Madley",NA,"https://fbref.com/en/matches/971e0a29/Merseyside-Derby-Everton-Liverpool-April-24-2024-Premier-League"
"219","Premier League","M","ENG",2024,NA,"29","Wed",2024-04-24,"20:00","Crystal Palace",2,0.9,"Newcastle Utd",0,0.4,25002,"Selhurst Park","Thomas Bramall",NA,"https://fbref.com/en/matches/ee21eba2/Crystal-Palace-Newcastle-United-April-24-2024-Premier-League"
"220","Premier League","M","ENG",2024,NA,"29","Thu",2024-04-25,"20:00","Brighton",0,0.6,"Manchester City",4,1.4,31596,"The American Express Community Stadium","Jarred Gillett",NA,"https://fbref.com/en/matches/45bb8cac/Brighton-and-Hove-Albion-Manchester-City-April-25-2024-Premier-League"
"221","Premier League","M","ENG",2024,NA,"3","Fri",2023-08-25,"20:00","Chelsea",3,2.2,"Luton Town",0,0.4,39893,"Stamford Bridge","Robert Jones",NA,"https://fbref.com/en/matches/6bfb9dc0/Chelsea-Luton-Town-August-25-2023-Premier-League"
"222","Premier League","M","ENG",2024,NA,"3","Sat",2023-08-26,"12:30","Bournemouth",0,0.7,"Tottenham",2,2.1,10567,"Vitality Stadium","Tim Robinson",NA,"https://fbref.com/en/matches/f49c4ad2/Bournemouth-Tottenham-Hotspur-August-26-2023-Premier-League"
"223","Premier League","M","ENG",2024,NA,"3","Sat",2023-08-26,"15:00","Everton",0,1.3,"Wolves",1,1.1,38851,"Goodison Park","Craig Pawson",NA,"https://fbref.com/en/matches/18dfee28/Everton-Wolverhampton-Wanderers-August-26-2023-Premier-League"
"224","Premier League","M","ENG",2024,NA,"3","Sat",2023-08-26,"15:00","Brentford",1,1,"Crystal Palace",1,0.8,16997,"Gtech Community Stadium","Peter Bankes",NA,"https://fbref.com/en/matches/537b2b0b/Brentford-Crystal-Palace-August-26-2023-Premier-League"
"225","Premier League","M","ENG",2024,NA,"3","Sat",2023-08-26,"15:00","Manchester Utd",3,2.8,"Nott'ham Forest",2,1.2,73595,"Old Trafford","Stuart Attwell",NA,"https://fbref.com/en/matches/70d9b1ab/Manchester-United-Nottingham-Forest-August-26-2023-Premier-League"
"226","Premier League","M","ENG",2024,NA,"3","Sat",2023-08-26,"15:00","Arsenal",2,3.2,"Fulham",2,0.6,59961,"Emirates Stadium","Paul Tierney",NA,"https://fbref.com/en/matches/d8f8f8ad/Arsenal-Fulham-August-26-2023-Premier-League"
"227","Premier League","M","ENG",2024,NA,"3","Sat",2023-08-26,"17:30","Brighton",1,1.5,"West Ham",3,3,31508,"The American Express Community Stadium","Anthony Taylor",NA,"https://fbref.com/en/matches/ba68d60c/Brighton-and-Hove-Albion-West-Ham-United-August-26-2023-Premier-League"
"228","Premier League","M","ENG",2024,NA,"3","Sun",2023-08-27,"14:00","Sheffield Utd",1,0.7,"Manchester City",2,3.5,31336,"Bramall Lane","Jarred Gillett",NA,"https://fbref.com/en/matches/0844ff10/Sheffield-United-Manchester-City-August-27-2023-Premier-League"
"229","Premier League","M","ENG",2024,NA,"3","Sun",2023-08-27,"14:00","Burnley",1,0.7,"Aston Villa",3,2.5,21591,"Turf Moor","Michael Salisbury",NA,"https://fbref.com/en/matches/b66a7def/Burnley-Aston-Villa-August-27-2023-Premier-League"
"230","Premier League","M","ENG",2024,NA,"3","Sun",2023-08-27,"16:30","Newcastle Utd",1,2,"Liverpool",2,0.9,52214,"St James' Park","John Brooks",NA,"https://fbref.com/en/matches/b31156ab/Newcastle-United-Liverpool-August-27-2023-Premier-League"
"231","Premier League","M","ENG",2024,NA,"30","Sat",2024-03-30,"12:30","Newcastle Utd",4,4.1,"West Ham",3,1.4,52199,"St James' Park","Robert Jones",NA,"https://fbref.com/en/matches/10600f89/Newcastle-United-West-Ham-United-March-30-2024-Premier-League"
"232","Premier League","M","ENG",2024,NA,"30","Sat",2024-03-30,"15:00","Bournemouth",2,1.3,"Everton",1,1,11207,"Vitality Stadium","Samuel Barrott",NA,"https://fbref.com/en/matches/0eaaf0ab/Bournemouth-Everton-March-30-2024-Premier-League"
"233","Premier League","M","ENG",2024,NA,"30","Sat",2024-03-30,"15:00","Tottenham",2,2.9,"Luton Town",1,0.5,61534,"Tottenham Hotspur Stadium","Jarred Gillett",NA,"https://fbref.com/en/matches/6397e2af/Tottenham-Hotspur-Luton-Town-March-30-2024-Premier-League"
"234","Premier League","M","ENG",2024,NA,"30","Sat",2024-03-30,"15:00","Nott'ham Forest",1,0.9,"Crystal Palace",1,1.2,29520,"The City Ground","Chris Kavanagh",NA,"https://fbref.com/en/matches/791fc95a/Nottingham-Forest-Crystal-Palace-March-30-2024-Premier-League"
"235","Premier League","M","ENG",2024,NA,"30","Sat",2024-03-30,"15:00","Sheffield Utd",3,1.9,"Fulham",3,1.3,30010,"Bramall Lane","Tim Robinson",NA,"https://fbref.com/en/matches/ad4a1302/Sheffield-United-Fulham-March-30-2024-Premier-League"
"236","Premier League","M","ENG",2024,NA,"30","Sat",2024-03-30,"15:00","Chelsea",2,4.2,"Burnley",2,1.6,39535,"Stamford Bridge","Darren England",NA,"https://fbref.com/en/matches/e68ec2a9/Chelsea-Burnley-March-30-2024-Premier-League"
"237","Premier League","M","ENG",2024,NA,"30","Sat",2024-03-30,"17:30","Aston Villa",2,1,"Wolves",0,1.5,42640,"Villa Park","Paul Tierney",NA,"https://fbref.com/en/matches/5f218b76/Aston-Villa-Wolverhampton-Wanderers-March-30-2024-Premier-League"
"238","Premier League","M","ENG",2024,NA,"30","Sat",2024-03-30,"20:00","Brentford",1,3.2,"Manchester Utd",1,0.6,17138,"Gtech Community Stadium","Simon Hooper",NA,"https://fbref.com/en/matches/43a07892/Brentford-Manchester-United-March-30-2024-Premier-League"
"239","Premier League","M","ENG",2024,NA,"30","Sun",2024-03-31,"14:00","Liverpool",2,2.8,"Brighton",1,0.5,60061,"Anfield","David Coote",NA,"https://fbref.com/en/matches/b763b73e/Liverpool-Brighton-and-Hove-Albion-March-31-2024-Premier-League"
"240","Premier League","M","ENG",2024,NA,"30","Sun",2024-03-31,"16:30","Manchester City",0,1,"Arsenal",0,0.7,52178,"Etihad Stadium","Anthony Taylor",NA,"https://fbref.com/en/matches/76b4b194/Manchester-City-Arsenal-March-31-2024-Premier-League"
"241","Premier League","M","ENG",2024,NA,"31","Tue",2024-04-02,"19:30","Newcastle Utd",1,2.4,"Everton",1,1.4,52135,"St James' Park","Tony Harrington",NA,"https://fbref.com/en/matches/52846bc3/Newcastle-United-Everton-April-2-2024-Premier-League"
"242","Premier League","M","ENG",2024,NA,"31","Tue",2024-04-02,"19:30","Nott'ham Forest",3,1.5,"Fulham",1,1.5,28997,"The City Ground","Michael Oliver",NA,"https://fbref.com/en/matches/55996670/Nottingham-Forest-Fulham-April-2-2024-Premier-League"
"243","Premier League","M","ENG",2024,NA,"31","Tue",2024-04-02,"19:45","Bournemouth",1,1.1,"Crystal Palace",0,0.2,11058,"Vitality Stadium","Graham Scott",NA,"https://fbref.com/en/matches/1ef36f8d/Bournemouth-Crystal-Palace-April-2-2024-Premier-League"
"244","Premier League","M","ENG",2024,NA,"31","Tue",2024-04-02,"19:45","Burnley",1,1.3,"Wolves",1,0.9,21528,"Turf Moor","Thomas Bramall",NA,"https://fbref.com/en/matches/feadec6f/Burnley-Wolverhampton-Wanderers-April-2-2024-Premier-League"
"245","Premier League","M","ENG",2024,NA,"31","Tue",2024-04-02,"20:15","West Ham",1,1.5,"Tottenham",1,1,62469,"London Stadium","John Brooks",NA,"https://fbref.com/en/matches/2600ff86/West-Ham-United-Tottenham-Hotspur-April-2-2024-Premier-League"
"246","Premier League","M","ENG",2024,NA,"31","Wed",2024-04-03,"19:30","Arsenal",2,0.7,"Luton Town",0,0.3,60262,"Emirates Stadium","Craig Pawson",NA,"https://fbref.com/en/matches/77d7e2d6/Arsenal-Luton-Town-April-3-2024-Premier-League"
"247","Premier League","M","ENG",2024,NA,"31","Wed",2024-04-03,"19:30","Brentford",0,0.6,"Brighton",0,1.1,17024,"Gtech Community Stadium","Andy Madley",NA,"https://fbref.com/en/matches/8ec55f05/Brentford-Brighton-and-Hove-Albion-April-3-2024-Premier-League"
"248","Premier League","M","ENG",2024,NA,"31","Wed",2024-04-03,"20:15","Manchester City",4,3.4,"Aston Villa",1,0.8,53422,"Etihad Stadium","Darren England",NA,"https://fbref.com/en/matches/ae3ba8e8/Manchester-City-Aston-Villa-April-3-2024-Premier-League"
"249","Premier League","M","ENG",2024,NA,"31","Thu",2024-04-04,"19:30","Liverpool",3,1.8,"Sheffield Utd",1,0.6,60055,"Anfield","Stuart Attwell",NA,"https://fbref.com/en/matches/1f5973e2/Liverpool-Sheffield-United-April-4-2024-Premier-League"
"250","Premier League","M","ENG",2024,NA,"31","Thu",2024-04-04,"20:15","Chelsea",4,3,"Manchester Utd",3,1.5,39694,"Stamford Bridge","Jarred Gillett",NA,"https://fbref.com/en/matches/c6079c2f/Chelsea-Manchester-United-April-4-2024-Premier-League"
"251","Premier League","M","ENG",2024,NA,"32","Sat",2024-04-06,"12:30","Crystal Palace",2,1.1,"Manchester City",4,1.9,25132,"Selhurst Park","Paul Tierney",NA,"https://fbref.com/en/matches/fca82852/Crystal-Palace-Manchester-City-April-6-2024-Premier-League"
"252","Premier League","M","ENG",2024,NA,"32","Sat",2024-04-06,"15:00","Luton Town",2,1.5,"Bournemouth",1,0.4,11797,"Kenilworth Road Stadium","Andy Madley",NA,"https://fbref.com/en/matches/08114c35/Luton-Town-Bournemouth-April-6-2024-Premier-League"
"253","Premier League","M","ENG",2024,NA,"32","Sat",2024-04-06,"15:00","Wolves",1,1.5,"West Ham",2,1.2,31504,"Molineux Stadium","Tony Harrington",NA,"https://fbref.com/en/matches/4f0b227b/Wolverhampton-Wanderers-West-Ham-United-April-6-2024-Premier-League"
"254","Premier League","M","ENG",2024,NA,"32","Sat",2024-04-06,"15:00","Fulham",0,1.2,"Newcastle Utd",1,1,24418,"Craven Cottage","Samuel Allison",NA,"https://fbref.com/en/matches/a9d2819f/Fulham-Newcastle-United-April-6-2024-Premier-League"
"255","Premier League","M","ENG",2024,NA,"32","Sat",2024-04-06,"15:00","Everton",1,0.9,"Burnley",0,0.5,39125,"Goodison Park","Michael Oliver",NA,"https://fbref.com/en/matches/cc7efb48/Everton-Burnley-April-6-2024-Premier-League"
"256","Premier League","M","ENG",2024,NA,"32","Sat",2024-04-06,"15:00","Aston Villa",3,1.5,"Brentford",3,1.5,42118,"Villa Park","Michael Salisbury",NA,"https://fbref.com/en/matches/e8f307a3/Aston-Villa-Brentford-April-6-2024-Premier-League"
"257","Premier League","M","ENG",2024,NA,"32","Sat",2024-04-06,"17:30","Brighton",0,0.5,"Arsenal",3,3.4,31677,"The American Express Community Stadium","John Brooks",NA,"https://fbref.com/en/matches/2047cc32/Brighton-and-Hove-Albion-Arsenal-April-6-2024-Premier-League"
"258","Premier League","M","ENG",2024,NA,"32","Sun",2024-04-07,"15:30","Manchester Utd",2,0.7,"Liverpool",2,3.6,73501,"Old Trafford","Anthony Taylor",NA,"https://fbref.com/en/matches/d57ffe1a/North-West-Derby-Manchester-United-Liverpool-April-7-2024-Premier-League"
"259","Premier League","M","ENG",2024,NA,"32","Sun",2024-04-07,"17:30","Sheffield Utd",2,1.4,"Chelsea",2,0.3,28638,"Bramall Lane","Robert Jones",NA,"https://fbref.com/en/matches/d3850c26/Sheffield-United-Chelsea-April-7-2024-Premier-League"
"260","Premier League","M","ENG",2024,NA,"32","Sun",2024-04-07,"18:00","Tottenham",3,1.5,"Nott'ham Forest",1,1.5,61098,"Tottenham Hotspur Stadium","Simon Hooper",NA,"https://fbref.com/en/matches/7598049f/Tottenham-Hotspur-Nottingham-Forest-April-7-2024-Premier-League"
"261","Premier League","M","ENG",2024,NA,"33","Sat",2024-04-13,"12:30","Newcastle Utd",4,2.8,"Tottenham",0,0.8,52147,"St James' Park","Tim Robinson",NA,"https://fbref.com/en/matches/50db3243/Newcastle-United-Tottenham-Hotspur-April-13-2024-Premier-League"
"262","Premier League","M","ENG",2024,NA,"33","Sat",2024-04-13,"15:00","Manchester City",5,4.2,"Luton Town",1,0.5,52149,"Etihad Stadium","John Brooks",NA,"https://fbref.com/en/matches/40128bc4/Manchester-City-Luton-Town-April-13-2024-Premier-League"
"263","Premier League","M","ENG",2024,NA,"33","Sat",2024-04-13,"15:00","Nott'ham Forest",2,1.9,"Wolves",2,1,29604,"The City Ground","Craig Pawson",NA,"https://fbref.com/en/matches/4460b6c5/Nottingham-Forest-Wolverhampton-Wanderers-April-13-2024-Premier-League"
"264","Premier League","M","ENG",2024,NA,"33","Sat",2024-04-13,"15:00","Brentford",2,1,"Sheffield Utd",0,0.8,17115,"Gtech Community Stadium","Samuel Barrott",NA,"https://fbref.com/en/matches/4a4d2976/Brentford-Sheffield-United-April-13-2024-Premier-League"
"265","Premier League","M","ENG",2024,NA,"33","Sat",2024-04-13,"15:00","Burnley",1,1.7,"Brighton",1,0.9,20687,"Turf Moor","Simon Hooper",NA,"https://fbref.com/en/matches/c9ab1f95/Burnley-Brighton-and-Hove-Albion-April-13-2024-Premier-League"
"266","Premier League","M","ENG",2024,NA,"33","Sat",2024-04-13,"17:30","Bournemouth",2,1.6,"Manchester Utd",2,1.2,11229,"Vitality Stadium","Tony Harrington",NA,"https://fbref.com/en/matches/32a8be36/Bournemouth-Manchester-United-April-13-2024-Premier-League"
"267","Premier League","M","ENG",2024,NA,"33","Sun",2024-04-14,"14:00","Liverpool",0,2.7,"Crystal Palace",1,2,60090,"Anfield","Chris Kavanagh",NA,"https://fbref.com/en/matches/99113ef3/Liverpool-Crystal-Palace-April-14-2024-Premier-League"
"268","Premier League","M","ENG",2024,NA,"33","Sun",2024-04-14,"14:00","West Ham",0,0.9,"Fulham",2,3.2,62459,"London Stadium","Stuart Attwell",NA,"https://fbref.com/en/matches/bd62891f/West-Ham-United-Fulham-April-14-2024-Premier-League"
"269","Premier League","M","ENG",2024,NA,"33","Sun",2024-04-14,"16:30","Arsenal",0,1.6,"Aston Villa",2,0.9,60350,"Emirates Stadium","David Coote",NA,"https://fbref.com/en/matches/c1739ced/Arsenal-Aston-Villa-April-14-2024-Premier-League"
"270","Premier League","M","ENG",2024,NA,"33","Mon",2024-04-15,"20:00","Chelsea",6,3.1,"Everton",0,1.5,39392,"Stamford Bridge","Paul Tierney",NA,"https://fbref.com/en/matches/1a41ac25/Chelsea-Everton-April-15-2024-Premier-League"
"271","Premier League","M","ENG",2024,NA,"34","Sat",2024-04-20,"15:00","Luton Town",1,0.6,"Brentford",5,3.1,11877,"Kenilworth Road Stadium","Jarred Gillett",NA,"https://fbref.com/en/matches/c98abeb4/Luton-Town-Brentford-April-20-2024-Premier-League"
"272","Premier League","M","ENG",2024,NA,"34","Sat",2024-04-20,"15:00","Sheffield Utd",1,2.4,"Burnley",4,2.2,28964,"Bramall Lane","Andy Madley",NA,"https://fbref.com/en/matches/ee8223ec/Sheffield-United-Burnley-April-20-2024-Premier-League"
"273","Premier League","M","ENG",2024,NA,"34","Sat",2024-04-20,"19:30","Wolves",0,0.2,"Arsenal",2,1.2,31621,"Molineux Stadium","Paul Tierney",NA,"https://fbref.com/en/matches/22881ea2/Wolverhampton-Wanderers-Arsenal-April-20-2024-Premier-League"
"274","Premier League","M","ENG",2024,NA,"34","Sun",2024-04-21,"13:30","Everton",2,0.3,"Nott'ham Forest",0,0.9,39239,"Goodison Park","Anthony Taylor",NA,"https://fbref.com/en/matches/3025d010/Everton-Nottingham-Forest-April-21-2024-Premier-League"
"275","Premier League","M","ENG",2024,NA,"34","Sun",2024-04-21,"15:00","Aston Villa",3,2.4,"Bournemouth",1,1.8,42189,"Villa Park","Tim Robinson",NA,"https://fbref.com/en/matches/6236de96/Aston-Villa-Bournemouth-April-21-2024-Premier-League"
"276","Premier League","M","ENG",2024,NA,"34","Sun",2024-04-21,"15:00","Crystal Palace",5,2.4,"West Ham",2,1.3,25145,"Selhurst Park","Graham Scott",NA,"https://fbref.com/en/matches/6ef6966a/Crystal-Palace-West-Ham-United-April-21-2024-Premier-League"
"277","Premier League","M","ENG",2024,NA,"34","Sun",2024-04-21,"16:30","Fulham",1,0.8,"Liverpool",3,1,24414,"Craven Cottage","Craig Pawson",NA,"https://fbref.com/en/matches/9dcb5084/Fulham-Liverpool-April-21-2024-Premier-League"
"278","Premier League","M","ENG",2024,NA,"34","Tue",2024-05-14,"20:00","Tottenham",0,1.7,"Manchester City",2,2.4,61065,"Tottenham Hotspur Stadium","Chris Kavanagh",NA,"https://fbref.com/en/matches/2ba17e6d/Tottenham-Hotspur-Manchester-City-May-14-2024-Premier-League"
"279","Premier League","M","ENG",2024,NA,"34","Wed",2024-05-15,"19:45","Brighton",1,1.3,"Chelsea",2,1.5,31555,"The American Express Community Stadium","Michael Salisbury",NA,"https://fbref.com/en/matches/b42b7907/Brighton-and-Hove-Albion-Chelsea-May-15-2024-Premier-League"
"280","Premier League","M","ENG",2024,NA,"34","Wed",2024-05-15,"20:00","Manchester Utd",3,1.5,"Newcastle Utd",2,2.2,73582,"Old Trafford","Robert Jones",NA,"https://fbref.com/en/matches/e43e8597/Manchester-United-Newcastle-United-May-15-2024-Premier-League"
"281","Premier League","M","ENG",2024,NA,"35","Sat",2024-04-27,"12:30","West Ham",2,0.7,"Liverpool",2,1.7,62474,"London Stadium","Anthony Taylor",NA,"https://fbref.com/en/matches/ba04d7d8/West-Ham-United-Liverpool-April-27-2024-Premier-League"
"282","Premier League","M","ENG",2024,NA,"35","Sat",2024-04-27,"15:00","Wolves",2,1.2,"Luton Town",1,0.6,31531,"Molineux Stadium","David Coote",NA,"https://fbref.com/en/matches/55d68500/Wolverhampton-Wanderers-Luton-Town-April-27-2024-Premier-League"
"283","Premier League","M","ENG",2024,NA,"35","Sat",2024-04-27,"15:00","Fulham",1,1.1,"Crystal Palace",1,1,24142,"Craven Cottage","Stuart Attwell",NA,"https://fbref.com/en/matches/9fe4ec6e/Fulham-Crystal-Palace-April-27-2024-Premier-League"
"284","Premier League","M","ENG",2024,NA,"35","Sat",2024-04-27,"15:00","Manchester Utd",1,2.7,"Burnley",1,2.1,73571,"Old Trafford","John Brooks",NA,"https://fbref.com/en/matches/e8eb637d/Manchester-United-Burnley-April-27-2024-Premier-League"
"285","Premier League","M","ENG",2024,NA,"35","Sat",2024-04-27,"15:00","Newcastle Utd",5,3.1,"Sheffield Utd",1,1.5,52196,"St James' Park","Tony Harrington",NA,"https://fbref.com/en/matches/e92d40be/Newcastle-United-Sheffield-United-April-27-2024-Premier-League"
"286","Premier League","M","ENG",2024,NA,"35","Sat",2024-04-27,"17:30","Everton",1,0.8,"Brentford",0,0.9,39098,"Goodison Park","Darren England",NA,"https://fbref.com/en/matches/c813a2ae/Everton-Brentford-April-27-2024-Premier-League"
"287","Premier League","M","ENG",2024,NA,"35","Sat",2024-04-27,"20:00","Aston Villa",2,1.1,"Chelsea",2,1.6,42354,"Villa Park","Craig Pawson",NA,"https://fbref.com/en/matches/a88dc35f/Aston-Villa-Chelsea-April-27-2024-Premier-League"
"288","Premier League","M","ENG",2024,NA,"35","Sun",2024-04-28,"14:00","Tottenham",2,2.3,"Arsenal",3,1,61554,"Tottenham Hotspur Stadium","Michael Oliver",NA,"https://fbref.com/en/matches/d98c9a99/North-London-Derby-Tottenham-Hotspur-Arsenal-April-28-2024-Premier-League"
"289","Premier League","M","ENG",2024,NA,"35","Sun",2024-04-28,"14:00","Bournemouth",3,1.9,"Brighton",0,0.9,11188,"Vitality Stadium","Paul Tierney",NA,"https://fbref.com/en/matches/fa3c7491/Bournemouth-Brighton-and-Hove-Albion-April-28-2024-Premier-League"
"290","Premier League","M","ENG",2024,NA,"35","Sun",2024-04-28,"16:30","Nott'ham Forest",0,1.9,"Manchester City",2,0.9,29677,"The City Ground","Simon Hooper",NA,"https://fbref.com/en/matches/80bbb25e/Nottingham-Forest-Manchester-City-April-28-2024-Premier-League"
"291","Premier League","M","ENG",2024,NA,"36","Fri",2024-05-03,"20:00","Luton Town",1,0.8,"Everton",1,1.4,11873,"Kenilworth Road Stadium","Tim Robinson",NA,"https://fbref.com/en/matches/76d10c7d/Luton-Town-Everton-May-3-2024-Premier-League"
"292","Premier League","M","ENG",2024,NA,"36","Sat",2024-05-04,"12:30","Arsenal",3,3.3,"Bournemouth",0,0.5,60348,"Emirates Stadium","David Coote",NA,"https://fbref.com/en/matches/00bcfc31/Arsenal-Bournemouth-May-4-2024-Premier-League"
"293","Premier League","M","ENG",2024,NA,"36","Sat",2024-05-04,"15:00","Burnley",1,1,"Newcastle Utd",4,3.4,21781,"Turf Moor","Anthony Taylor",NA,"https://fbref.com/en/matches/070bf86d/Burnley-Newcastle-United-May-4-2024-Premier-League"
"294","Premier League","M","ENG",2024,NA,"36","Sat",2024-05-04,"15:00","Sheffield Utd",1,2.2,"Nott'ham Forest",3,1.5,28516,"Bramall Lane","Chris Kavanagh",NA,"https://fbref.com/en/matches/91a2da3b/Sheffield-United-Nottingham-Forest-May-4-2024-Premier-League"
"295","Premier League","M","ENG",2024,NA,"36","Sat",2024-05-04,"15:00","Brentford",0,0.6,"Fulham",0,1.3,17090,"Gtech Community Stadium","Graham Scott",NA,"https://fbref.com/en/matches/a388fc69/Brentford-Fulham-May-4-2024-Premier-League"
"296","Premier League","M","ENG",2024,NA,"36","Sat",2024-05-04,"17:30","Manchester City",5,3.7,"Wolves",1,0.3,52439,"Etihad Stadium","Craig Pawson",NA,"https://fbref.com/en/matches/5a9032bf/Manchester-City-Wolverhampton-Wanderers-May-4-2024-Premier-League"
"297","Premier League","M","ENG",2024,NA,"36","Sun",2024-05-05,"14:00","Brighton",1,2.5,"Aston Villa",0,0.1,31596,"The American Express Community Stadium","Robert Jones",NA,"https://fbref.com/en/matches/5d5f6155/Brighton-and-Hove-Albion-Aston-Villa-May-5-2024-Premier-League"
"298","Premier League","M","ENG",2024,NA,"36","Sun",2024-05-05,"14:00","Chelsea",5,4.1,"West Ham",0,0.9,39295,"Stamford Bridge","Andy Madley",NA,"https://fbref.com/en/matches/f8a0189a/Chelsea-West-Ham-United-May-5-2024-Premier-League"
"299","Premier League","M","ENG",2024,NA,"36","Sun",2024-05-05,"16:30","Liverpool",4,3.3,"Tottenham",2,1.2,60075,"Anfield","Paul Tierney",NA,"https://fbref.com/en/matches/08341569/Liverpool-Tottenham-Hotspur-May-5-2024-Premier-League"
"300","Premier League","M","ENG",2024,NA,"36","Mon",2024-05-06,"20:00","Crystal Palace",4,1.7,"Manchester Utd",0,0.4,25190,"Selhurst Park","Jarred Gillett",NA,"https://fbref.com/en/matches/8c4bf9e7/Crystal-Palace-Manchester-United-May-6-2024-Premier-League"
"301","Premier League","M","ENG",2024,NA,"37","Sat",2024-05-11,"12:30","Fulham",0,0.1,"Manchester City",4,3.2,24418,"Craven Cottage","Anthony Taylor",NA,"https://fbref.com/en/matches/4e211d29/Fulham-Manchester-City-May-11-2024-Premier-League"
"302","Premier League","M","ENG",2024,NA,"37","Sat",2024-05-11,"15:00","Wolves",1,1.6,"Crystal Palace",3,2.6,31424,"Molineux Stadium","Thomas Bramall",NA,"https://fbref.com/en/matches/16d5b6aa/Wolverhampton-Wanderers-Crystal-Palace-May-11-2024-Premier-League"
"303","Premier League","M","ENG",2024,NA,"37","Sat",2024-05-11,"15:00","West Ham",3,3.2,"Luton Town",1,0.3,62475,"London Stadium","Michael Oliver",NA,"https://fbref.com/en/matches/17e9dbbf/West-Ham-United-Luton-Town-May-11-2024-Premier-League"
"304","Premier League","M","ENG",2024,NA,"37","Sat",2024-05-11,"15:00","Tottenham",2,2.7,"Burnley",1,0.7,61148,"Tottenham Hotspur Stadium","Jarred Gillett",NA,"https://fbref.com/en/matches/45c36efd/Tottenham-Hotspur-Burnley-May-11-2024-Premier-League"
"305","Premier League","M","ENG",2024,NA,"37","Sat",2024-05-11,"15:00","Everton",1,2.3,"Sheffield Utd",0,0.6,39221,"Goodison Park","Stuart Attwell",NA,"https://fbref.com/en/matches/482e6ce4/Everton-Sheffield-United-May-11-2024-Premier-League"
"306","Premier League","M","ENG",2024,NA,"37","Sat",2024-05-11,"15:00","Newcastle Utd",1,2.2,"Brighton",1,1.4,51997,"St James' Park","Darren England",NA,"https://fbref.com/en/matches/6dbd7d72/Newcastle-United-Brighton-and-Hove-Albion-May-11-2024-Premier-League"
"307","Premier League","M","ENG",2024,NA,"37","Sat",2024-05-11,"15:00","Bournemouth",1,0.7,"Brentford",2,1.1,11154,"Vitality Stadium","Matt Donohue",NA,"https://fbref.com/en/matches/e7b6ebb6/Bournemouth-Brentford-May-11-2024-Premier-League"
"308","Premier League","M","ENG",2024,NA,"37","Sat",2024-05-11,"17:30","Nott'ham Forest",2,1.5,"Chelsea",3,1.6,29708,"The City Ground","Tony Harrington",NA,"https://fbref.com/en/matches/384547b8/Nottingham-Forest-Chelsea-May-11-2024-Premier-League"
"309","Premier League","M","ENG",2024,NA,"37","Sun",2024-05-12,"16:30","Manchester Utd",0,0.5,"Arsenal",1,1.5,73600,"Old Trafford","Paul Tierney",NA,"https://fbref.com/en/matches/ab9827f2/Manchester-United-Arsenal-May-12-2024-Premier-League"
"310","Premier League","M","ENG",2024,NA,"37","Mon",2024-05-13,"20:00","Aston Villa",3,3.1,"Liverpool",3,1.7,42241,"Villa Park","Simon Hooper",NA,"https://fbref.com/en/matches/72c0709d/Aston-Villa-Liverpool-May-13-2024-Premier-League"
"311","Premier League","M","ENG",2024,NA,"38","Sun",2024-05-19,"16:00","Luton Town",2,2,"Fulham",4,1.1,12027,"Kenilworth Road Stadium","Matt Donohue",NA,"https://fbref.com/en/matches/0fde9d70/Luton-Town-Fulham-May-19-2024-Premier-League"
"312","Premier League","M","ENG",2024,NA,"38","Sun",2024-05-19,"16:00","Sheffield Utd",0,1,"Tottenham",3,3.1,29116,"Bramall Lane","Andy Madley",NA,"https://fbref.com/en/matches/273a89b4/Sheffield-United-Tottenham-Hotspur-May-19-2024-Premier-League"
"313","Premier League","M","ENG",2024,NA,"38","Sun",2024-05-19,"16:00","Manchester City",3,1.9,"West Ham",1,0.4,55097,"Etihad Stadium","John Brooks",NA,"https://fbref.com/en/matches/29335211/Manchester-City-West-Ham-United-May-19-2024-Premier-League"
"314","Premier League","M","ENG",2024,NA,"38","Sun",2024-05-19,"16:00","Arsenal",2,2.9,"Everton",1,0.6,60312,"Emirates Stadium","Michael Oliver",NA,"https://fbref.com/en/matches/3e33bd98/Arsenal-Everton-May-19-2024-Premier-League"
"315","Premier League","M","ENG",2024,NA,"38","Sun",2024-05-19,"16:00","Brighton",0,1.7,"Manchester Utd",2,1.3,31662,"The American Express Community Stadium","Craig Pawson",NA,"https://fbref.com/en/matches/47ecdc19/Brighton-and-Hove-Albion-Manchester-United-May-19-2024-Premier-League"
"316","Premier League","M","ENG",2024,NA,"38","Sun",2024-05-19,"16:00","Brentford",2,1.1,"Newcastle Utd",4,3.4,17124,"Gtech Community Stadium","Simon Hooper",NA,"https://fbref.com/en/matches/546e1a3d/Brentford-Newcastle-United-May-19-2024-Premier-League"
"317","Premier League","M","ENG",2024,NA,"38","Sun",2024-05-19,"16:00","Chelsea",2,1.1,"Bournemouth",1,2.2,39724,"Stamford Bridge","Anthony Taylor",NA,"https://fbref.com/en/matches/7c034003/Chelsea-Bournemouth-May-19-2024-Premier-League"
"318","Premier League","M","ENG",2024,NA,"38","Sun",2024-05-19,"16:00","Crystal Palace",5,2.5,"Aston Villa",0,0.9,25191,"Selhurst Park","Darren Bond",NA,"https://fbref.com/en/matches/c975c7a6/Crystal-Palace-Aston-Villa-May-19-2024-Premier-League"
"319","Premier League","M","ENG",2024,NA,"38","Sun",2024-05-19,"16:00","Liverpool",2,4.5,"Wolves",0,0.5,60059,"Anfield","Chris Kavanagh",NA,"https://fbref.com/en/matches/d4823ed5/Liverpool-Wolverhampton-Wanderers-May-19-2024-Premier-League"
"320","Premier League","M","ENG",2024,NA,"38","Sun",2024-05-19,"16:00","Burnley",1,1.2,"Nott'ham Forest",2,1.7,21109,"Turf Moor","Graham Scott",NA,"https://fbref.com/en/matches/dafb05fe/Burnley-Nottingham-Forest-May-19-2024-Premier-League"
"321","Premier League","M","ENG",2024,NA,"4","Fri",2023-09-01,"20:00","Luton Town",1,1.4,"West Ham",2,1,10802,"Kenilworth Road Stadium","Paul Tierney",NA,"https://fbref.com/en/matches/e929e225/Luton-Town-West-Ham-United-September-1-2023-Premier-League"
"322","Premier League","M","ENG",2024,NA,"4","Sat",2023-09-02,"12:30","Sheffield Utd",2,1.2,"Everton",2,2.5,31124,"Bramall Lane","Andy Madley",NA,"https://fbref.com/en/matches/87b46bb9/Sheffield-United-Everton-September-2-2023-Premier-League"
"323","Premier League","M","ENG",2024,NA,"4","Sat",2023-09-02,"15:00","Chelsea",0,2.3,"Nott'ham Forest",1,0.8,39820,"Stamford Bridge","Tim Robinson",NA,"https://fbref.com/en/matches/44e89d37/Chelsea-Nottingham-Forest-September-2-2023-Premier-League"
"324","Premier League","M","ENG",2024,NA,"4","Sat",2023-09-02,"15:00","Manchester City",5,2.2,"Fulham",1,1.4,52899,"Etihad Stadium","Michael Oliver",NA,"https://fbref.com/en/matches/88066bdf/Manchester-City-Fulham-September-2-2023-Premier-League"
"325","Premier League","M","ENG",2024,NA,"4","Sat",2023-09-02,"15:00","Brentford",2,2.9,"Bournemouth",2,2.1,16973,"Gtech Community Stadium","Robert Madley",NA,"https://fbref.com/en/matches/e2946b10/Brentford-Bournemouth-September-2-2023-Premier-League"
"326","Premier League","M","ENG",2024,NA,"4","Sat",2023-09-02,"15:00","Burnley",2,1.3,"Tottenham",5,2.2,21750,"Turf Moor","Darren England",NA,"https://fbref.com/en/matches/f1786fb8/Burnley-Tottenham-Hotspur-September-2-2023-Premier-League"
"327","Premier League","M","ENG",2024,NA,"4","Sat",2023-09-02,"17:30","Brighton",3,1.3,"Newcastle Utd",1,1.2,31620,"The American Express Community Stadium","Stuart Attwell",NA,"https://fbref.com/en/matches/4f754e0a/Brighton-and-Hove-Albion-Newcastle-United-September-2-2023-Premier-League"
"328","Premier League","M","ENG",2024,NA,"4","Sun",2023-09-03,"14:00","Liverpool",3,2.5,"Aston Villa",0,0.7,50109,"Anfield","Simon Hooper",NA,"https://fbref.com/en/matches/bdbc722e/Liverpool-Aston-Villa-September-3-2023-Premier-League"
"329","Premier League","M","ENG",2024,NA,"4","Sun",2023-09-03,"14:00","Crystal Palace",3,2.1,"Wolves",2,1.2,24741,"Selhurst Park","Robert Jones",NA,"https://fbref.com/en/matches/f9436d32/Crystal-Palace-Wolverhampton-Wanderers-September-3-2023-Premier-League"
"330","Premier League","M","ENG",2024,NA,"4","Sun",2023-09-03,"16:30","Arsenal",3,2.3,"Manchester Utd",1,0.9,60192,"Emirates Stadium","Anthony Taylor",NA,"https://fbref.com/en/matches/74125d47/Arsenal-Manchester-United-September-3-2023-Premier-League"
"331","Premier League","M","ENG",2024,NA,"5","Sat",2023-09-16,"12:30","Wolves",1,0.6,"Liverpool",3,2.5,31257,"Molineux Stadium","Michael Oliver",NA,"https://fbref.com/en/matches/38daebd2/Wolverhampton-Wanderers-Liverpool-September-16-2023-Premier-League"
"332","Premier League","M","ENG",2024,NA,"5","Sat",2023-09-16,"15:00","Fulham",1,1,"Luton Town",0,1.1,24467,"Craven Cottage","Michael Salisbury",NA,"https://fbref.com/en/matches/48b1bdc7/Fulham-Luton-Town-September-16-2023-Premier-League"
"333","Premier League","M","ENG",2024,NA,"5","Sat",2023-09-16,"15:00","West Ham",1,0.9,"Manchester City",3,3.6,62475,"London Stadium","Andy Madley",NA,"https://fbref.com/en/matches/64c0a6e2/West-Ham-United-Manchester-City-September-16-2023-Premier-League"
"334","Premier League","M","ENG",2024,NA,"5","Sat",2023-09-16,"15:00","Aston Villa",3,3,"Crystal Palace",1,1.2,40809,"Villa Park","Darren England",NA,"https://fbref.com/en/matches/bc77340e/Aston-Villa-Crystal-Palace-September-16-2023-Premier-League"
"335","Premier League","M","ENG",2024,NA,"5","Sat",2023-09-16,"15:00","Manchester Utd",1,1,"Brighton",3,1.7,73592,"Old Trafford","Jarred Gillett",NA,"https://fbref.com/en/matches/ddcf2857/Manchester-United-Brighton-and-Hove-Albion-September-16-2023-Premier-League"
"336","Premier League","M","ENG",2024,NA,"5","Sat",2023-09-16,"15:00","Tottenham",2,2.1,"Sheffield Utd",1,0.7,61706,"Tottenham Hotspur Stadium","Peter Bankes",NA,"https://fbref.com/en/matches/e56e96e1/Tottenham-Hotspur-Sheffield-United-September-16-2023-Premier-League"
"337","Premier League","M","ENG",2024,NA,"5","Sat",2023-09-16,"17:30","Newcastle Utd",1,1.4,"Brentford",0,0.5,51670,"St James' Park","Craig Pawson",NA,"https://fbref.com/en/matches/71b7e5e2/Newcastle-United-Brentford-September-16-2023-Premier-League"
"338","Premier League","M","ENG",2024,NA,"5","Sun",2023-09-17,"14:00","Bournemouth",0,1,"Chelsea",0,1.8,10421,"Vitality Stadium","David Coote",NA,"https://fbref.com/en/matches/be0cbf88/Bournemouth-Chelsea-September-17-2023-Premier-League"
"339","Premier League","M","ENG",2024,NA,"5","Sun",2023-09-17,"16:30","Everton",0,0.3,"Arsenal",1,1,39217,"Goodison Park","Simon Hooper",NA,"https://fbref.com/en/matches/b1278924/Everton-Arsenal-September-17-2023-Premier-League"
"340","Premier League","M","ENG",2024,NA,"5","Mon",2023-09-18,"19:45","Nott'ham Forest",1,0.7,"Burnley",1,0.5,28958,"The City Ground","Robert Jones",NA,"https://fbref.com/en/matches/ad7ecfad/Nottingham-Forest-Burnley-September-18-2023-Premier-League"
"341","Premier League","M","ENG",2024,NA,"6","Sat",2023-09-23,"15:00","Manchester City",2,1.3,"Nott'ham Forest",0,1,53413,"Etihad Stadium","Anthony Taylor",NA,"https://fbref.com/en/matches/5dc7e234/Manchester-City-Nottingham-Forest-September-23-2023-Premier-League"
"342","Premier League","M","ENG",2024,NA,"6","Sat",2023-09-23,"15:00","Luton Town",1,2.1,"Wolves",1,0.6,10893,"Kenilworth Road Stadium","Joshua Smith",NA,"https://fbref.com/en/matches/76a1421e/Luton-Town-Wolverhampton-Wanderers-September-23-2023-Premier-League"
"343","Premier League","M","ENG",2024,NA,"6","Sat",2023-09-23,"15:00","Crystal Palace",0,0.3,"Fulham",0,0.6,25072,"Selhurst Park","Paul Tierney",NA,"https://fbref.com/en/matches/cf0b2b19/Crystal-Palace-Fulham-September-23-2023-Premier-League"
"344","Premier League","M","ENG",2024,NA,"6","Sat",2023-09-23,"17:30","Brentford",1,1,"Everton",3,1.9,16981,"Gtech Community Stadium","Michael Oliver",NA,"https://fbref.com/en/matches/96681b93/Brentford-Everton-September-23-2023-Premier-League"
"345","Premier League","M","ENG",2024,NA,"6","Sat",2023-09-23,"20:00","Burnley",0,1.1,"Manchester Utd",1,1,21593,"Turf Moor","Tony Harrington",NA,"https://fbref.com/en/matches/8e26793d/Burnley-Manchester-United-September-23-2023-Premier-League"
"346","Premier League","M","ENG",2024,NA,"6","Sun",2023-09-24,"14:00","Arsenal",2,1.8,"Tottenham",2,1.4,60156,"Emirates Stadium","Robert Jones",NA,"https://fbref.com/en/matches/08947a10/North-London-Derby-Arsenal-Tottenham-Hotspur-September-24-2023-Premier-League"
"347","Premier League","M","ENG",2024,NA,"6","Sun",2023-09-24,"14:00","Brighton",3,1.9,"Bournemouth",1,1.1,31617,"The American Express Community Stadium","John Brooks",NA,"https://fbref.com/en/matches/5593f16c/Brighton-and-Hove-Albion-Bournemouth-September-24-2023-Premier-League"
"348","Premier League","M","ENG",2024,NA,"6","Sun",2023-09-24,"14:00","Chelsea",0,1.3,"Aston Villa",1,1,39700,"Stamford Bridge","Jarred Gillett",NA,"https://fbref.com/en/matches/7d2c5e05/Chelsea-Aston-Villa-September-24-2023-Premier-League"
"349","Premier League","M","ENG",2024,NA,"6","Sun",2023-09-24,"14:00","Liverpool",3,3,"West Ham",1,1.1,50136,"Anfield","Chris Kavanagh",NA,"https://fbref.com/en/matches/90adf8b3/Liverpool-West-Ham-United-September-24-2023-Premier-League"
"350","Premier League","M","ENG",2024,NA,"6","Sun",2023-09-24,"16:30","Sheffield Utd",0,0.9,"Newcastle Utd",8,3.9,31127,"Bramall Lane","Stuart Attwell",NA,"https://fbref.com/en/matches/cf4fef85/Sheffield-United-Newcastle-United-September-24-2023-Premier-League"
"351","Premier League","M","ENG",2024,NA,"7","Sat",2023-09-30,"12:30","Aston Villa",6,1.6,"Brighton",1,1.7,40636,"Villa Park","Andy Madley",NA,"https://fbref.com/en/matches/2df9a3a1/Aston-Villa-Brighton-and-Hove-Albion-September-30-2023-Premier-League"
"352","Premier League","M","ENG",2024,NA,"7","Sat",2023-09-30,"15:00","Wolves",2,0.4,"Manchester City",1,0.9,31415,"Molineux Stadium","Craig Pawson",NA,"https://fbref.com/en/matches/60ce29cd/Wolverhampton-Wanderers-Manchester-City-September-30-2023-Premier-League"
"353","Premier League","M","ENG",2024,NA,"7","Sat",2023-09-30,"15:00","Bournemouth",0,0.6,"Arsenal",4,3.4,11193,"Vitality Stadium","Michael Salisbury",NA,"https://fbref.com/en/matches/8de4aca0/Bournemouth-Arsenal-September-30-2023-Premier-League"
"354","Premier League","M","ENG",2024,NA,"7","Sat",2023-09-30,"15:00","Everton",1,2.9,"Luton Town",2,0.9,39289,"Goodison Park","Anthony Taylor",NA,"https://fbref.com/en/matches/921d5f17/Everton-Luton-Town-September-30-2023-Premier-League"
"355","Premier League","M","ENG",2024,NA,"7","Sat",2023-09-30,"15:00","Newcastle Utd",2,3.1,"Burnley",0,0.6,51687,"St James' Park","Thomas Bramall",NA,"https://fbref.com/en/matches/a79ff136/Newcastle-United-Burnley-September-30-2023-Premier-League"
"356","Premier League","M","ENG",2024,NA,"7","Sat",2023-09-30,"15:00","West Ham",2,2.1,"Sheffield Utd",0,1.1,62459,"London Stadium","Graham Scott",NA,"https://fbref.com/en/matches/b82be6d7/West-Ham-United-Sheffield-United-September-30-2023-Premier-League"
"357","Premier League","M","ENG",2024,NA,"7","Sat",2023-09-30,"15:00","Manchester Utd",0,1.3,"Crystal Palace",1,0.9,73428,"Old Trafford","Chris Kavanagh",NA,"https://fbref.com/en/matches/ef2b7ab9/Manchester-United-Crystal-Palace-September-30-2023-Premier-League"
"358","Premier League","M","ENG",2024,NA,"7","Sat",2023-09-30,"17:30","Tottenham",2,2.2,"Liverpool",1,1.3,62001,"Tottenham Hotspur Stadium","Simon Hooper",NA,"https://fbref.com/en/matches/ec4145b4/Tottenham-Hotspur-Liverpool-September-30-2023-Premier-League"
"359","Premier League","M","ENG",2024,NA,"7","Sun",2023-10-01,"14:00","Nott'ham Forest",1,0.5,"Brentford",1,1.6,29004,"The City Ground","Paul Tierney",NA,"https://fbref.com/en/matches/923467c5/Nottingham-Forest-Brentford-October-1-2023-Premier-League"
"360","Premier League","M","ENG",2024,NA,"7","Mon",2023-10-02,"20:00","Fulham",0,1.1,"Chelsea",2,1.7,24445,"Craven Cottage","Tim Robinson",NA,"https://fbref.com/en/matches/c9787e60/Fulham-Chelsea-October-2-2023-Premier-League"
"361","Premier League","M","ENG",2024,NA,"8","Sat",2023-10-07,"12:30","Luton Town",0,0.8,"Tottenham",1,1.9,10290,"Kenilworth Road Stadium","John Brooks",NA,"https://fbref.com/en/matches/d021f28f/Luton-Town-Tottenham-Hotspur-October-7-2023-Premier-League"
"362","Premier League","M","ENG",2024,NA,"8","Sat",2023-10-07,"15:00","Everton",3,2.4,"Bournemouth",0,0.7,38815,"Goodison Park","David Coote",NA,"https://fbref.com/en/matches/497b9558/Everton-Bournemouth-October-7-2023-Premier-League"
"363","Premier League","M","ENG",2024,NA,"8","Sat",2023-10-07,"15:00","Manchester Utd",2,1.4,"Brentford",1,0.9,73453,"Old Trafford","Andy Madley",NA,"https://fbref.com/en/matches/5006142a/Manchester-United-Brentford-October-7-2023-Premier-League"
"364","Premier League","M","ENG",2024,NA,"8","Sat",2023-10-07,"15:00","Burnley",1,0.7,"Chelsea",4,1.9,21654,"Turf Moor","Stuart Attwell",NA,"https://fbref.com/en/matches/cfd83ca3/Burnley-Chelsea-October-7-2023-Premier-League"
"365","Premier League","M","ENG",2024,NA,"8","Sat",2023-10-07,"15:00","Fulham",3,2.2,"Sheffield Utd",1,0.6,24361,"Craven Cottage","Samuel Barrott",NA,"https://fbref.com/en/matches/ffc59ea8/Fulham-Sheffield-United-October-7-2023-Premier-League"
"366","Premier League","M","ENG",2024,NA,"8","Sat",2023-10-07,"17:30","Crystal Palace",0,0.8,"Nott'ham Forest",0,1,25017,"Selhurst Park","Craig Pawson",NA,"https://fbref.com/en/matches/1828106c/Crystal-Palace-Nottingham-Forest-October-7-2023-Premier-League"
"367","Premier League","M","ENG",2024,NA,"8","Sun",2023-10-08,"14:00","West Ham",2,1.2,"Newcastle Utd",2,2,62473,"London Stadium","Peter Bankes",NA,"https://fbref.com/en/matches/017c9ca5/West-Ham-United-Newcastle-United-October-8-2023-Premier-League"
"368","Premier League","M","ENG",2024,NA,"8","Sun",2023-10-08,"14:00","Wolves",1,1.7,"Aston Villa",1,1.6,31425,"Molineux Stadium","Robert Jones",NA,"https://fbref.com/en/matches/3292ed35/Wolverhampton-Wanderers-Aston-Villa-October-8-2023-Premier-League"
"369","Premier League","M","ENG",2024,NA,"8","Sun",2023-10-08,"14:00","Brighton",2,2.3,"Liverpool",2,2.3,31752,"The American Express Community Stadium","Anthony Taylor",NA,"https://fbref.com/en/matches/3b1ec657/Brighton-and-Hove-Albion-Liverpool-October-8-2023-Premier-League"
"370","Premier League","M","ENG",2024,NA,"8","Sun",2023-10-08,"16:30","Arsenal",1,0.4,"Manchester City",0,0.5,60233,"Emirates Stadium","Michael Oliver",NA,"https://fbref.com/en/matches/59cd18ae/Arsenal-Manchester-City-October-8-2023-Premier-League"
"371","Premier League","M","ENG",2024,NA,"9","Sat",2023-10-21,"12:30","Liverpool",2,2.2,"Everton",0,0.1,50201,"Anfield","Craig Pawson",NA,"https://fbref.com/en/matches/e747ddb3/Merseyside-Derby-Liverpool-Everton-October-21-2023-Premier-League"
"372","Premier League","M","ENG",2024,NA,"9","Sat",2023-10-21,"15:00","Bournemouth",1,0.6,"Wolves",2,2.4,11175,"Vitality Stadium","Paul Tierney",NA,"https://fbref.com/en/matches/007b352e/Bournemouth-Wolverhampton-Wanderers-October-21-2023-Premier-League"
"373","Premier League","M","ENG",2024,NA,"9","Sat",2023-10-21,"15:00","Newcastle Utd",4,2.4,"Crystal Palace",0,1.2,52189,"St James' Park","Tim Robinson",NA,"https://fbref.com/en/matches/21625dde/Newcastle-United-Crystal-Palace-October-21-2023-Premier-League"
"374","Premier League","M","ENG",2024,NA,"9","Sat",2023-10-21,"15:00","Brentford",3,3.1,"Burnley",0,1.1,17029,"Gtech Community Stadium","Joshua Smith",NA,"https://fbref.com/en/matches/52781f37/Brentford-Burnley-October-21-2023-Premier-League"
"375","Premier League","M","ENG",2024,NA,"9","Sat",2023-10-21,"15:00","Manchester City",2,0.8,"Brighton",1,0.8,53466,"Etihad Stadium","Robert Jones",NA,"https://fbref.com/en/matches/b782a834/Manchester-City-Brighton-and-Hove-Albion-October-21-2023-Premier-League"
"376","Premier League","M","ENG",2024,NA,"9","Sat",2023-10-21,"15:00","Nott'ham Forest",2,2.9,"Luton Town",2,1.7,29361,"The City Ground","Samuel Barrott",NA,"https://fbref.com/en/matches/d1671efa/Nottingham-Forest-Luton-Town-October-21-2023-Premier-League"
"377","Premier League","M","ENG",2024,NA,"9","Sat",2023-10-21,"17:30","Chelsea",2,1.3,"Arsenal",2,1,39723,"Stamford Bridge","Chris Kavanagh",NA,"https://fbref.com/en/matches/a1c336e2/North-West-London-Derby-Chelsea-Arsenal-October-21-2023-Premier-League"
"378","Premier League","M","ENG",2024,NA,"9","Sat",2023-10-21,"20:00","Sheffield Utd",1,1.4,"Manchester Utd",2,1.1,31543,"Bramall Lane","Michael Oliver",NA,"https://fbref.com/en/matches/d95b42eb/Sheffield-United-Manchester-United-October-21-2023-Premier-League"
"379","Premier League","M","ENG",2024,NA,"9","Sun",2023-10-22,"16:30","Aston Villa",4,1.9,"West Ham",1,1.1,41734,"Villa Park","David Coote",NA,"https://fbref.com/en/matches/7efcc598/Aston-Villa-West-Ham-United-October-22-2023-Premier-League"
"380","Premier League","M","ENG",2024,NA,"9","Mon",2023-10-23,"20:00","Tottenham",2,1.5,"Fulham",0,1,61286,"Tottenham Hotspur Stadium","Anthony Taylor",NA,"https://fbref.com/en/matches/8c6293a3/Tottenham-Hotspur-Fulham-October-23-2023-Premier-League"
